namespace,term_localName,label,definition,usage,notes,rdf_type,tdwgutility_organizedInClass
ltc:,Address,Address,A physical postal address for an organisational unit or person.,,,https://www.w3.org/1999/02/22-rdf-syntax-ns#Class,Address
dwc:,ChronometricAge,Chronometric Age,The age of a specimen or related materials that is generated from a dating assay.,,This is a categorical term (class) to organize the other chronometric age properties and does not ever have values.,https://www.w3.org/1999/02/22-rdf-syntax-ns#Class,ChronometricAge
ltc:,CollectionDescriptionScheme,Collection Description Scheme,"A grouping of multiple ObjectGroups for a particular use case, purpose or implementation.",,"Where the same objects within the same collection might be described by more than one ObjectGroup for different purposes (for examples, a 'Darwin Fossil Mammals' collection description might overlap with a 'Offsite Palaeontology' collection description), this class can be used to distinguish between them and avoid double-counting of metrics in queries against the data.",https://www.w3.org/1999/02/22-rdf-syntax-ns#Class,CollectionDescriptionScheme
ltc:,CollectionHistory,Collection History,A historical log of changes to and statuses of the described collection over time.,,"If the `statusEndDate` is empty, the status can be inferred to be the current status of the collection.",https://www.w3.org/1999/02/22-rdf-syntax-ns#Class,CollectionHistory
ltc:,ContactDetail,Contact Detail,Details of a method by which an entity such as a Person or OrganisationalUnit may be contacted.,,"The Address class should be used to store physical or postal addresses. For all other types of contact details, this class should be used.",https://www.w3.org/1999/02/22-rdf-syntax-ns#Class,ContactDetail
ltc:,GeographicOrigin,Geographic Origin,The geographic location from which objects associated with the CollectionDescription were collected.,,,https://www.w3.org/1999/02/22-rdf-syntax-ns#Class,GeographicOrigin
dwc:,GeologicalContext,Geological Context,"Geological information, such as stratigraphy, that qualifies a region or place.",,,https://www.w3.org/1999/02/22-rdf-syntax-ns#Class,GeologicalContext
ltc:,Identifier,Identifier,"A numeric or textual value, or reference such as an IRI, that can be used to uniquely identify the object to which it is attached.",,"Use this class in a generic way to include stable identifiers that describe the collections and associated entities being represented in the collection description. For example, person identifiers, taxon identifiers, institution identifiers, organisational unit identifiers, gazetteer identifiers. Identifiers represented by this class may be globally unique, or unique within a given context.",https://www.w3.org/1999/02/22-rdf-syntax-ns#Class,Identifier
dwc:,MeasurementOrFact,Measurement or Fact,A measurement of or fact about an rdfs:Resource (http://www.w3.org/2000/01/rdf-schema#Resource).,"A measurement of or fact about the ObjectGroup representing the objects in the collection description, or the relationship between the ObjectGroup and an associated class.","This class can be used to apply measurements, facts or narratives to the ObjectGroup as a whole, or used to qualify the relationship between the ObjectGroup and an associated attribute. For example, an ObjectGroup may contain 100 objects, of which 40 are from Europe and 60 from Africa. In this example, one MeasurementOrFact (count of 100) would be attached to the ObjectGroup, and one to each of the two relationships between the ObjectGroup and GeographicOrigin (Europe: count of 40, Africa: count of 60).",https://www.w3.org/1999/02/22-rdf-syntax-ns#Class,MeasurementOrFact
ltc:,ObjectClassification,Object Classification,"An informal classification of the type of objects within the ObjectGroup, using a hierarchical structure.",,"This class is used to categorise the ObjectGroup according to an informal, self-referential hierarchy. For example, this can be used to create a hierarchy encompassing biological, geological and anthropological collections, where a single formal taxonomy isn't appropriate.",https://www.w3.org/1999/02/22-rdf-syntax-ns#Class,ObjectClassification
ltc:,ObjectGroup,Object Group,A group of physical collection objects with one or more common characteristics.,,,https://www.w3.org/1999/02/22-rdf-syntax-ns#Class,ObjectGroup
ltc:,OrganisationalUnit,Organisational Unit,"A unit within an organisational hierarchy which may be at, above or below the institutional level.",,"This class can represent any level of organisational unit, incorporating institutions (e.g. a museum), higher units (e.g. a university to which a museum belongs) and more detailed structures (e.g the departments and divisions within a museum). It can be used to arrange these different units at different levels into a hierarchical structure.",https://www.w3.org/1999/02/22-rdf-syntax-ns#Class,OrganisationalUnit
ltc:,Person,Person,"A person (alive, dead, undead, or fictional).",A person (alive or dead).,"This concept should map to the Schema.org Person class (https://schema.org/Person), and the prov:Person class (http://www.w3.org/ns/prov#Person) in the PROV ontology. In the latter, it is a subclass of prov:Agent, which through which it can map to the RDA recommendations on attribution (http://dx.doi.org/10.15497/RDA00029). The definition is appropriated from the Schema.org class, although it's expected that undead and fictional people will not feature heavily in natural science collection descriptions.",https://www.w3.org/1999/02/22-rdf-syntax-ns#Class,Person
ltc:,PersonRole,Person Role,A qualified association between a Person or OrganisationalUnit and an entity such as an ObjectGroup or MeasurementOrFact that enables the relationship to be contextualised with a specific role and time period.,,"This class is aligned with the prov:qualifiedAttribution property (http://www.w3.org/ns/prov#qualifiedAttribution). It should be used instead of the Activity and PersonActivity classes to link a Person or OrganisationalUnit to an entity in situations where an activity is not know or is irrelevant, for example for describing a person's role within an organisation.",https://www.w3.org/1999/02/22-rdf-syntax-ns#Class,PersonRole
ltc:,RecordLevel,Record Level,The machine-actionable information profile for the collection description digital object.,,Linked to the RDA PID Kernel recommendation (https://www.rd-alliance.org/system/files/RDA%20Recommendation%20on%20PID%20Kernel%20Information_final.pdf),https://www.w3.org/1999/02/22-rdf-syntax-ns#Class,RecordLevel
dwc:,Reference,Reference,A class to describe a scientific reference or citation.,A reference to external resources and information related to the collection description.,"In the Collection Description standard, this class can be used to store references to publications, policies, datasets and other online resources such as websites, related to classes within the standard.",https://www.w3.org/1999/02/22-rdf-syntax-ns#Class,Reference
dwc:,ResourceRelationship,Resource Relationship,A relationship of one rdfs:Resource (http://www.w3.org/2000/01/rdf-schema#Resource) to another.,"A relationship between an instance of a class in the collection description standard to another instance of the same class, or an instance of a different class in the standard.","In the context of this standard, the resources are the collections of objects represented by the ObjectGroup. This class can be used to define different semantic and hierarchical relationships between ObjectGroups.",https://www.w3.org/1999/02/22-rdf-syntax-ns#Class,ResourceRelationship
ltc:,StorageLocation,Storage Location,"A physical location (such as a building, room, cabinet or drawer) within the holding institution where objects associated with the collection description are stored or exhibited.",,,https://www.w3.org/1999/02/22-rdf-syntax-ns#Class,StorageLocation
dwc:,Taxon,Taxon,A group of organisms (sensu http://purl.obolibrary.org/obo/OBI_0100026) considered by taxonomists to form a homogeneous unit.,,,https://www.w3.org/1999/02/22-rdf-syntax-ns#Class,Taxon
ltc:,TemporalCoverage,Temporal Coverage,A record of a time range represented by the collection's establishment or change over time. This term is separate from the living or geologic periods represented by the objects in the collection.,,"This class can be used to reflect temporal coverage of the collection within various contexts (defined by the temporalCoverageType property). Examples might include the time range in which objects within the collection were collected or the time period over which the collection was assembled.  It should not be used to document the time range within which the objects in the collection were alive, and if the time period you are trying to describe is better described by the `CollectionHistory`, `GeologicalContext` or `ChronometricAge` classes, or `period` property of the `ObjectGroup` class, then those classes or properties should be used instead. For example, the `period` property of the ObjectGroup class and/or GeologicalContext class should be used to record named time periods.",https://www.w3.org/1999/02/22-rdf-syntax-ns#Class,TemporalCoverage
schema:,addressCountry,Address Country,"The country. For example, USA. You can also provide the two-letter ISO 3166-1 alpha-2 country code.",,,http://www.w3.org/1999/02/22-rdf-syntax-ns#Property,Address
schema:,addressLocality,Address Locality,"The locality in which the street address is, and which is in the region. For example, Mountain View.",The locality in which the address is located. AddressLocality is a more specific geographic area than addressRegion.,,http://www.w3.org/1999/02/22-rdf-syntax-ns#Property,Address
schema:,addressRegion,Address Region,"The region in which the locality is, and which is in the country. For example, California or another appropriate first-level Administrative division.",,,http://www.w3.org/1999/02/22-rdf-syntax-ns#Property,Address
schema:,addressType,Address Type,"A person or organization can have different contact points, for different purposes. For example, a sales contact point, a PR contact point and so on. This property is used to specify the kind of contact point.","A person or organization can have different addresses, for different purposes. For example, a postal address, a loan address, an address for visits and so on. This property is used to specify the kind of address.",,http://www.w3.org/1999/02/22-rdf-syntax-ns#Property,Address
schema:,postOfficeBoxNumber,Post Office Box Number,The post office box number for PO box addresses.,,,http://www.w3.org/1999/02/22-rdf-syntax-ns#Property,Address
schema:,postalCode,Postal Code,"The postal code. For example, 94043.",,,http://www.w3.org/1999/02/22-rdf-syntax-ns#Property,Address
schema:,streetAddress,Street Address,"The street address. For example, 1600 Amphitheatre Pkwy.",,,http://www.w3.org/1999/02/22-rdf-syntax-ns#Property,Address
dwc:,chronometricAgeProtocol,Chronometric Age Protocol,A description of or reference to the methods used to determine the ChronometricAge.,,,http://www.w3.org/1999/02/22-rdf-syntax-ns#Property,ChronometricAge
dwc:,chronometricAgeRemarks,Chronometric Age Remarks,Notes or comments about the ChronometricAge.,,,http://www.w3.org/1999/02/22-rdf-syntax-ns#Property,ChronometricAge
dwc:,chronometricAgeUncertaintyInYears,Chronometric Age Uncertainty In Years,The temporal uncertainty of the earliestChronometricAge and latestChronometicAge in years.,,This is the +/- number for the age in years. The expected unit for this field is years.,http://www.w3.org/1999/02/22-rdf-syntax-ns#Property,ChronometricAge
dwc:,earliestChronometricAge,Earliest Chronometric Age,The maximum/earliest/oldest possible age of a specimen as determined by a dating method.,,"The expected unit for this field is years. This field, if populated, must have an associated earliestChronometricAgeReferenceSystem.",http://www.w3.org/1999/02/22-rdf-syntax-ns#Property,ChronometricAge
dwc:,earliestChronometricAgeReferenceSystem,Earliest Chronometric Age Reference System,The reference system associated with the earliestChronometricAge.,,,http://www.w3.org/1999/02/22-rdf-syntax-ns#Property,ChronometricAge
dwc:,latestChronometricAge,Latest Chronometric Age,The minimum/latest/youngest possible age of a specimen as determined by a dating method.,The minimum/latest/youngest possible age of an object in the collection as determined by a dating method.,"The expected unit for this field is years. This field, if populated, must have an associated latestChronometricAgeReferenceSystem.",http://www.w3.org/1999/02/22-rdf-syntax-ns#Property,ChronometricAge
dwc:,latestChronometricAgeReferenceSystem,Latest Chronometric Age Reference System,The reference system associated with the latestChronometricAge.,,Recommended best practice is to use a controlled vocabulary.,http://www.w3.org/1999/02/22-rdf-syntax-ns#Property,ChronometricAge
dwc:,verbatimChronometricAge,Verbatim Chronometric Age,"The verbatim age for a specimen, whether reported by a dating assay, associated references, or legacy information.","The verbatim age for the objects int he colelction, whether reported by a dating assay, associated references, or legacy information.","For example, this could be the radiocarbon age as given in an AMS dating report. This could also be simply what is reported as the age of a specimen in legacy collections data.",http://www.w3.org/1999/02/22-rdf-syntax-ns#Property,ChronometricAge
dc:,schemeName,Scheme Name,A name given to the resource.,A short descriptive name given to the CollectionDescriptionScheme.,,http://www.w3.org/1999/02/22-rdf-syntax-ns#Property,CollectionDescriptionScheme
ltc:,status,Status,The development status of the collection during a specified period.,,,http://www.w3.org/1999/02/22-rdf-syntax-ns#Property,CollectionHistory
ltc:,statusChangeReason,Status Change Reason,An explanation of why the collection transitioned to the recorded status.,,,http://www.w3.org/1999/02/22-rdf-syntax-ns#Property,CollectionHistory
ltc:,statusEndDate,Status End Date,The date on which the recorded status stopped being applicable.,,"This date is not necessarily the end of the collection (e.g. destroyed), but the date at which it is no longer the responsibility of the entity responsible for creating the CollectionDescription.",http://www.w3.org/1999/02/22-rdf-syntax-ns#Property,CollectionHistory
ltc:,statusStartDate,Status Start Date,The date on which the recorded status first became applicable.,,,http://www.w3.org/1999/02/22-rdf-syntax-ns#Property,CollectionHistory
ltc:,contactDetailCategory,Contact Detail Category,The method of contact to which the contact detail applies.,,Recommended practice is to use a controlled vocabulary.,http://www.w3.org/1999/02/22-rdf-syntax-ns#Property,ContactDetail
ltc:,contactDetailType,Contact Detail Type,"The type of contact detail, which can be used to distinguish between multiple contact details of the same contactDetailCategory.",,,http://www.w3.org/1999/02/22-rdf-syntax-ns#Property,ContactDetail
ltc:,contactDetailValue,Contact Detail Value,"The value of the contact detail, such as the phone number or email address.",,,http://www.w3.org/1999/02/22-rdf-syntax-ns#Property,ContactDetail
dwc:,continent,Continent,The name of the continent in which the Location occurs.,The name of the continent from which objects in the collection originated.,Based on best practice Getty Thesaurus of Geographic Names. --> http://www.getty.edu/vow/TGNHierarchy?find=&place=&nation=&english=Y&subjectid=7029392. For cultural collections such as economic botany use the Region field to record things like Pacific to replace Oceania.,http://www.w3.org/1999/02/22-rdf-syntax-ns#Property,GeographicOrigin
dwc:,locality,Locality,"The specific description of the place. Less specific geographic information can be provided in other geographic terms (higherGeography, continent, country, stateProvince, county, municipality, waterBody, island, islandGroup). This term may contain information modified from the original to correct perceived errors or standardize the description.","The specific description of the place from which objects in the collection originated. Less specific geographic information can be provided in other geographic terms (higherGeography, continent, country, stateProvince, county, municipality, waterBody, island, islandGroup). This term may contain information modified from the original to correct perceived errors or standardize the description.",,http://www.w3.org/1999/02/22-rdf-syntax-ns#Property,GeographicOrigin
ltc:,region,Region,The name of a spatial region or named place of any size within an individual or multiple administrative areas.,The name of the spatial region or named place of any size within an individual or multiple administrative areas from which objects in the collection originated.,"Recommended best practice is to use this field in situations where the administrative location fields (country, stateProvince, county, etc.) provide insufficient description. For geological collections examples include basins, provinces, and fossil deposits.",http://www.w3.org/1999/02/22-rdf-syntax-ns#Property,GeographicOrigin
ltc:,salinityType,Salinity Type,A set of terms to indicate the water environment of aquatic collections.,,"This should not be construed as a measurement value, but as a descriptive terms to allow for searching for freshwater vs marine etc. collections.",http://www.w3.org/1999/02/22-rdf-syntax-ns#Property,GeographicOrigin
dwc:,waterBody,Water Body,The name of the water body in which the Location occurs.,The name of the water body from which objects in the the collection originated.,"This is intended to define the lowest waterbody that defines the geographical constraints of aquatic collections below Ocean. https://www.hydrosheds.org/page/hydrolakes HydroLAKES is a database aiming to provide the shoreline polygons of all global lakes with a surface area of at least 10 ha.  http://purl.obolibrary.org/obo/ENVO_00000063. For oceans IHO Sea Areas can be used [http://www.vliz.be/en/imis?dasid=5444&doiid=323]  An accumulation of water of varying size. [ https://en.wikipedia.org/wiki/Body_of_water ]  Synonyms: bodies of water, body of water, aquatic feature, waterbody",http://www.w3.org/1999/02/22-rdf-syntax-ns#Property,GeographicOrigin
ltc:,waterBodyType,Waterbody Type,A term that indicates the aquatic order of a waterbody.,,https://www.usgs.gov/mission-areas/water-resources/science/types-water  https://sciencetrends.com/types-bodies-water-complete-list/,http://www.w3.org/1999/02/22-rdf-syntax-ns#Property,GeographicOrigin
dwc:,bed,Bed,The full name of the lithostratigraphic bed from which the cataloged item was collected.,The full name of the lithostratigraphic bed from which the objects in the collection originated.,Recommended vocabulary: https://ngmdb.usgs.gov/Geolex/search,http://www.w3.org/1999/02/22-rdf-syntax-ns#Property,GeologicalContext
dwc:,earliestAgeOrLowestStage,Earliest Age Or Lowest Stage,The full name of the earliest possible geochronologic age or lowest chronostratigraphic stage attributable to the stratigraphic horizon from which the cataloged item was collected,The full name of the earliest possible geochronologic age or lowest chronostratigraphic stage attributable to the stratigraphic horizon from which objects in the collection originated.,https://stratigraphy.org/chart  https://timescalefoundation.org/resources/geowhen/index.html,http://www.w3.org/1999/02/22-rdf-syntax-ns#Property,GeologicalContext
dwc:,earliestEonOrLowestEonothem,Earliest Eon Or Lowest Eonothem,The full name of the earliest possible geochronologic eon or lowest chrono-stratigraphic eonothem or the informal name (Precambrian) attributable to the stratigraphic horizon from which the cataloged item was collected.,The full name of the earliest possible geochronologic eon or lowest chrono-stratigraphic eonothem or the informal name (Precambrian) attributable to the stratigraphic horizon from which the objects in the collection originated.,https://stratigraphy.org/chart  https://timescalefoundation.org/resources/geowhen/index.html`,http://www.w3.org/1999/02/22-rdf-syntax-ns#Property,GeologicalContext
dwc:,earliestEpochOrLowestSeries,Earliest Epoch Or Lowest Series,The full name of the earliest possible geochronologic epoch or lowest chronostratigraphic series attributable to the stratigraphic horizon from which the cataloged item was collected.,The full name of the earliest possible geochronologic epoch or lowest chronostratigraphic series attributable to the stratigraphic horizon from which objects in the collection originated.,https://stratigraphy.org/chart https://timescalefoundation.org/resources/geowhen/index.html,http://www.w3.org/1999/02/22-rdf-syntax-ns#Property,GeologicalContext
dwc:,earliestEraOrLowestErathem,Earliest Era Or Lowest Erathem,The full name of the earliest possible geochronologic era or lowest chronostratigraphic erathem attributable to the stratigraphic horizon from which the cataloged item was collected.,The full name of the earliest possible geochronologic era or lowest chronostratigraphic erathem attributable to the stratigraphic horizon from which the objects in the collection originated.,https://stratigraphy.org/chart https://timescalefoundation.org/resources/geowhen/index.html,http://www.w3.org/1999/02/22-rdf-syntax-ns#Property,GeologicalContext
dwc:,earliestPeriodOrLowestSystem,Earliest Period Or Lowest System,The full name of the earliest possible geochronologic period or lowest chronostratigraphic system attributable to the stratigraphic horizon from which the cataloged item was collected.,The full name of the earliest possible geochronologic period or lowest chronostratigraphic system attributable to the stratigraphic horizon from which objects in the collection originated.,recommended vocab https://stratigraphy.org/chart https://timescalefoundation.org/resources/geowhen/index.html,http://www.w3.org/1999/02/22-rdf-syntax-ns#Property,GeologicalContext
dwc:,formation,Formation,The full name of the lithostratigraphic formation from which the cataloged item was collected.,The full name of the lithostratigraphic formation from which objects in the collection originated.,Recommended vocabulary: https://ngmdb.usgs.gov/Geolex/search,http://www.w3.org/1999/02/22-rdf-syntax-ns#Property,GeologicalContext
dwc:,group,Group,The full name of the lithostratigraphic group from which the cataloged item was collected.,The full name of the lithostratigraphic group from which the objects in the collection originated.,Suggested controlled vocabulary: https://ngmdb.usgs.gov/Geolex/search,http://www.w3.org/1999/02/22-rdf-syntax-ns#Property,GeologicalContext
dwc:,latestAgeOrHighestStage,Latest Age Or Highest Stage,The full name of the latest possible geochronologic age or highest chronostratigraphic stage attributable to the stratigraphic horizon from which the cataloged item was collected.,The full name of the latest possible geochronologic age or highest chronostratigraphic stage attributable to the stratigraphic horizon from which objects in the collection originated.,"Recommended vocabularies: https://stratigraphy.org/chart, https://timescalefoundation.org/resources/geowhen/index.html",http://www.w3.org/1999/02/22-rdf-syntax-ns#Property,GeologicalContext
dwc:,latestEonOrHighestEonothem,Latest Eon Or Highest Eonothem,The full name of the latest possible geochronologic eon or highest chrono-stratigraphic eonothem or the informal name (Precambrian) attributable to the stratigraphic horizon from which the cataloged item was collected.,The full name of the latest possible geochronologic eon or highest chrono-stratigraphic eonothem or the informal name (Precambrian) attributable to the stratigraphic horizon from which the objects in the collection originated.,https://stratigraphy.org/chart ; https://timescalefoundation.org/resources/geowhen/index.html,http://www.w3.org/1999/02/22-rdf-syntax-ns#Property,GeologicalContext
dwc:,latestEpochOrHighestSeries,Latest Epoch Or Highest Series,The full name of the latest possible geochronologic epoch or highest chronostratigraphic series attributable to the stratigraphic horizon from which the cataloged item was collected.,The full name of the latest possible geochronologic epoch or highest chronostratigraphic series attributable to the stratigraphic horizon from which objects in the collection originated.,https://stratigraphy.org/chart ; https://timescalefoundation.org/resources/geowhen/index.html,http://www.w3.org/1999/02/22-rdf-syntax-ns#Property,GeologicalContext
dwc:,latestEraOrHighestErathem,Latest Era Or Highest Erathem,The full name of the latest possible geochronologic era or highest chronostratigraphic erathem attributable to the stratigraphic horizon from which the cataloged item was collected.,The full name of the latest possible geochronologic era or highest chronostratigraphic erathem attributable to the stratigraphic horizon from which objects in the collection originated.,https://stratigraphy.org/chart ; https://timescalefoundation.org/resources/geowhen/index.html,http://www.w3.org/1999/02/22-rdf-syntax-ns#Property,GeologicalContext
dwc:,latestPeriodOrHighestSystem,Latest Period Or Highest System,The full name of the latest possible geochronologic period or highest chronostratigraphic system attributable to the stratigraphic horizon from which the cataloged item was collected.,The full name of the latest possible geochronologic period or highest chronostratigraphic system attributable to the stratigraphic horizon from which objects in the colelction originated,https://stratigraphy.org/chart ; https://timescalefoundation.org/resources/geowhen/index.html,http://www.w3.org/1999/02/22-rdf-syntax-ns#Property,GeologicalContext
dwc:,member,Member,The full name of the lithostratigraphic member from which the cataloged item was collected.,The full name of the lithostratigraphic member from which objects in the collection originated.,Recommend vocabulary: https://ngmdb.usgs.gov/Geolex/search,http://www.w3.org/1999/02/22-rdf-syntax-ns#Property,GeologicalContext
dcterms:,identifier,Identifier,An unambiguous reference to the resource within a given context.,"A textual or numeric identifier, acronym or URI that provides an unambiguous reference for an entity within a given context.","This may be a simple value or resolvable URI, and can reflect any identifier used to identify an entity (such as a collection, taxon, institution or person) included in the Collection Description.",http://www.w3.org/1999/02/22-rdf-syntax-ns#Property,Identifier
dcterms:,identifierSource,Identifier Source,A related resource from which the described resource is derived.,The source or creator of the identifier.,"This term refers to the organisation, framework, software or database that minted the identifier represented in the identifier property.",http://www.w3.org/1999/02/22-rdf-syntax-ns#Property,Identifier
rdf:,identifierType,Identifier Type,The subject is an instance of a class.,The type and format of value in the identifier field.,This property should be used to help people and software understand how the identifier can be used (e.g. whether it's a resolvable URI) and validate the identifier based on format and composition (e.g. a valid UUID).,http://www.w3.org/1999/02/22-rdf-syntax-ns#Property,Identifier
dwc:,measurementAccuracy,Measurement Value,The description of the potential error associated with the measurementValue.,The description of the potential error associated with the measurementValue applied to the collection.,,http://www.w3.org/1999/02/22-rdf-syntax-ns#Property,MeasurementOrFact
ltc:,measurementDerivation,Measurement Derivation,"An indicator as to whether the measurement, fact, characteristic, or assertion being applied to the collection was derived from reported figures or aggregated/calculated from underlying data.",,"If there is more detailed information about the method by which a measurement or fact was derived, this should be captured using the measurementMethod property.",http://www.w3.org/1999/02/22-rdf-syntax-ns#Property,MeasurementOrFact
dwc:,measurementDeterminedDate,Measurement Determined Date,The date on which the MeasurementOrFact was made.,The date on which the MeasurementOrFact about the collection was made.,,http://www.w3.org/1999/02/22-rdf-syntax-ns#Property,MeasurementOrFact
ltc:,measurementFactText,Fact or Narrative Text,"The value of the qualitative fact, characteristic, or assertion being made about the collection.",,"This property should also be used for storing textual information about the collection within a particular context, such as narratives or comments about digitisation readiness.",http://www.w3.org/1999/02/22-rdf-syntax-ns#Property,MeasurementOrFact
dwc:,measurementMethod,Measurement Method,"A description of or reference to (publication, URI) the method or protocol used to determine the measurement, fact, characteristic, or assertion.","A brief description of or reference to (publication, URI) the method or protocol used to determine the measurement, fact, characteristic, or assertion being applied to the collection.",,http://www.w3.org/1999/02/22-rdf-syntax-ns#Property,MeasurementOrFact
dwc:,measurementRemarks,Measurement Remarks,Comments or notes accompanying the MeasurementOrFact.,Comments or notes accompanying the MeasurementOrFact being applied to the collection.,,http://www.w3.org/1999/02/22-rdf-syntax-ns#Property,MeasurementOrFact
dwc:,measurementType,Measurement Type,"The nature of the measurement, fact, characteristic, or assertion.","The nature of the measurement, fact, characteristic, or assertion being made about the collection.",Recommended best practice is to use a controlled vocabulary.,http://www.w3.org/1999/02/22-rdf-syntax-ns#Property,MeasurementOrFact
dwc:,measurementUnit,Measurement Unit,The units associated with the measurementValue.,The units associated with the measurementValue applied to the collection.,"For some use cases, this property can also be used to reflect the type of value being stored (e.g. a count, or a percentage).",http://www.w3.org/1999/02/22-rdf-syntax-ns#Property,MeasurementOrFact
dwc:,measurementValue,Measurement Value,"The value of the measurement, fact, characteristic, or assertion.",The value of the quantitative measurement being made about the collection.,"In the Collection Description standard, this field is constrained to only accept numeric values in order to better support the aggregation of quantitative metrics. For any non-numeric values, the measureFactText property should be used instead.",http://www.w3.org/1999/02/22-rdf-syntax-ns#Property,MeasurementOrFact
ltc:,objectClassificationLevel,Object Classification Level,The level of the ObjectClassification in the hierarchy.,,It is up to the user to name the levels to be relevant to the hierarchical classification scheme that they are defining.,http://www.w3.org/1999/02/22-rdf-syntax-ns#Property,ObjectClassification
dc:,objectClassificationName,Object Classification Name,A name given to the resource.,A short title describing the ObjectClassification.,"This is a user-determined classification of their collection, which can be part of a self-referential hierarchy.",http://www.w3.org/1999/02/22-rdf-syntax-ns#Property,ObjectClassification
ltc:,objectClassificationParent,Object Classification Parent,The immediate parent of the ObjectClassification in a self-referential hierarchy.,,,http://www.w3.org/1999/02/22-rdf-syntax-ns#Property,ObjectClassification
ltc:,collectionManagementSystem,Collection Management System,The collection management system which is used to hold and manage the primary data for the objects contained within the ObjectGroup.,,"This should reflect the system or database in which the object-level records reside, rather than the source of the Collection Description data.",http://www.w3.org/1999/02/22-rdf-syntax-ns#Property,ObjectGroup
dc:,collectionName,Collection Name,A name given to the resource.,Short title that summarises the collection objects contained within the ObjectGroup.,,http://www.w3.org/1999/02/22-rdf-syntax-ns#Property,ObjectGroup
ltc:,conditionsOfAccess,Conditions of Access,Information about who can access the resource or an indication of its security status.,,"In this standard, resource refers to the physical collection that is being described by the record. If available this should be a url to a stable policy page. For example `https://www.fieldmuseum.org/science/research/area/fossils-meteorites/fossils-meteorites-policies`",http://www.w3.org/1999/02/22-rdf-syntax-ns#Property,ObjectGroup
ltc:,currentStatus,Current Status,A flag to indicate whether the collection still exists as a single entity.,,,http://www.w3.org/1999/02/22-rdf-syntax-ns#Property,ObjectGroup
dwc:,degreeOfEstablishment,Degree of Establishment,"The degree to which an Organism survives, reproduces, and expands its range at the given place and time.","Some preserved collections are specifically created from cultivated or captive organisms, or perhaps from rare vagrants","Recommended best practice is to use controlled value strings from the controlled vocabulary designated for use with this term, listed at http://rs.tdwg.org/dwc/doc/doe/. For details, refer to https://doi.org/10.3897/biss.3.38084",http://www.w3.org/1999/02/22-rdf-syntax-ns#Property,ObjectGroup
dc:,description,Description,Freetext description or narrative about the collection,"Use this field to record information about the collection in a human-readable, narrative style. Can include additional information or re-state information held elsewhere in the collection description record",Intended to introduce the main characteristics of the  of the collection to someone unfamiliar to it,http://www.w3.org/1999/02/22-rdf-syntax-ns#Property,ObjectGroup
ltc:,discipline,Discipline,A high level classification of the scientific discipline to which the objects within the collection description belong or are related.,,"The recommendation is to use a controlled vocabulary that is also common across other community collections, object and occurrence standards. Suggested list https://confluence.egi.eu/display/EGIG/Scientific+Disciplines",http://www.w3.org/1999/02/22-rdf-syntax-ns#Property,ObjectGroup
dwc:,establishmentMeans,Establishment Means,Statement about whether an organism or organisms have been introduced to a given place and time through the direct or indirect activity of modern humans.,,"Recommended best practice is to use controlled value strings from the controlled vocabulary designated for use with this term, listed at http://rs.tdwg.org/dwc/doc/em/. For details, refer to https://doi.org/10.3897/biss.3.38084",http://www.w3.org/1999/02/22-rdf-syntax-ns#Property,ObjectGroup
ltc:,knownToContainTypes,Known To Contain Types,Flag property to indicate that the collection is known to include type specimens.,,,http://www.w3.org/1999/02/22-rdf-syntax-ns#Property,ObjectGroup
ltc:,material,Material,"Material may denote properties of matter before its use, during its use, and as incorporated in an object, such as ultramarine powder, tempera paste, reinforced concrete.",,This property maps to the `Material` class of the CIDOC-CRM conceptual reference model (http://www.cidoc-crm.org/Entity/E57-Material/version-7.1.1).,http://www.w3.org/1999/02/22-rdf-syntax-ns#Property,ObjectGroup
ltc:,objectType,Object Type,High-level terms for the classification of curated objects.,A more generic classification of items in the collection than described in preparationType.,"This should not generally be used for classifying objects by taxon. The best way to do that is to use the Taxon class (formal taxonomy and vernacular names) or ObjectClassification class (informal classification). For cultural collections terms such as `bowl`, `textile` are appropriate at this level.",http://www.w3.org/1999/02/22-rdf-syntax-ns#Property,ObjectGroup
ltc:,period,Period,Used to describe prehistoric or historic periods.,Used to describe the prehistoric or historic period  from which objects in the collection originated.,"Often used to describe prehistoric or historic periods, but also geopolitical units and activities of settlements are regarded as special cases of Period. However, there are no assumptions about the scale of the associated phenomena. In particular all events are seen as synthetic processes consisting of coherent phenomena. This property maps to the `Period` class of the CIDOC-CRM conceptual reference model (http://www.cidoc-crm.org/Entity/e4-period/version-7.1.1).",http://www.w3.org/1999/02/22-rdf-syntax-ns#Property,ObjectGroup
ltc:,preparationType,Preparation Type,General terms for the classification of curated objects.,A more specific classification of items in the collection than described in objectType.,This should not generally be used for classifying objects by taxon. The best way to do that is to use the Taxon class (formal taxonomy and vernacular names) or ObjectClassification class (informal classification).,http://www.w3.org/1999/02/22-rdf-syntax-ns#Property,ObjectGroup
ltc:,preservationMethod,Preservation Method,The means by which the physical specimens are preserved to ensure they persist for the long term. Preservation method is the final storage state.,,"Not intended to be used as the fossilization method. Use preservationMode for that.<br/>This field is intended to be use where a collection has a single or prominent preservationMethod. If the collection has multiple preservationMethods then this should be expressed elsewhere, such as in ObjectQuantity. We recommend the Arctos [`PART_PRESERVATION`](https://arctos.database.museum/info/ctDocumentation.cfm?table=CTPART_PRESERVATION) vocabulary. For herbarium sheets use dried_pressed. If an alcohol collection uses mixed percentages use alcohol",http://www.w3.org/1999/02/22-rdf-syntax-ns#Property,ObjectGroup
ltc:,preservationMode,Preservation Mode,"The means by which a palaeontological specimen was preserved or created e.g. e.g. body, cast, mold, trace fossil, soft parts mineralised etc.",,This property is aligned with the concept of preservationMode (https://efg.geocase.eu/documentation/html/efg.html#element_PreservationMode_Link03032878) in ABCD(EFG).,http://www.w3.org/1999/02/22-rdf-syntax-ns#Property,ObjectGroup
dc:,typeOfCollection,Type Of Collection,The nature or genre of the content of the resource.,Additional information that exists that describes the object(s) in the collection.,"MaterialSamples are things like DNA samples, tissue samples or environmental samples. Terms such as soil, pollen, faeces, muscle, genomic DNA are currently put in `preparationType`. These terms have been parked for discussion: `HumanObservations`, `MachineObservations`.",http://www.w3.org/1999/02/22-rdf-syntax-ns#Property,ObjectGroup
ltc:,organisationalUnitName,Organisational Unit Name,Official name of the organisational unit in the local language.,,"Repeatable where there are more than one official local language required for example Belgian Institutions where an official name exists in French, Dutch, German and English.",http://www.w3.org/1999/02/22-rdf-syntax-ns#Property,OrganisationalUnit
ltc:,organisationalUnitType,Organisational Unit Type,The type or level of organisational unit responsible for the management of the collection being described.,,Example vocabulary list: https://vocab.org/aiiso/,http://www.w3.org/1999/02/22-rdf-syntax-ns#Property,OrganisationalUnit
schema:,additionalName,Additional Name,"An additional name for a Person, can be used for a middle name.",,,http://www.w3.org/1999/02/22-rdf-syntax-ns#Property,Person
schema:,familyName,Family Name,"Family name. In the U.S., the last name of a Person.",,,http://www.w3.org/1999/02/22-rdf-syntax-ns#Property,Person
abcd:,fullName,Full Name,Preferred form of personal name for display as a string.,,,http://www.w3.org/1999/02/22-rdf-syntax-ns#Property,Person
schema:,givenName,Given Name,"Given name. In the U.S., the first name of a Person.",,,http://www.w3.org/1999/02/22-rdf-syntax-ns#Property,Person
ltc:,endedAtTime,Ended At Time,The date or time when a Person stopped fulfilling the role specified in the role property.,,This property maps to the PROV-O term `endedAtTime` (http://www.w3.org/ns/prov#endedAtTime) in the `Activity` class (http://www.w3.org/ns/prov#Activity).,http://www.w3.org/1999/02/22-rdf-syntax-ns#Property,PersonRole
ltc:,role,Role,"A role played by a Person in the context of an entity such as an ObjectGroup, OrganisationalUnit or RecordLevel.",,This property maps to the PROV-O property `hadRole` (http://www.w3.org/ns/prov#hadRole).,http://www.w3.org/1999/02/22-rdf-syntax-ns#Property,PersonRole
ltc:,startedAtTime,Started At Time,The date or time when a Person started fulfilling the role specified in the role property.,,This property maps to the PROV-O term `startedAtTime` (http://www.w3.org/ns/prov#startedAtTime) in the `Activity` class (http://www.w3.org/ns/prov#Activity).,http://www.w3.org/1999/02/22-rdf-syntax-ns#Property,PersonRole
dc:,PID,Collection Description PID,An unambiguous reference to the resource within a given context.,A URI for the collection description record.,"Recommended practice is to identify the resource by means of a string conforming to an identification system. Examples include International Standard Book Number (ISBN), Digital Object Identifier (DOI), and Uniform Resource Name (URN). Persistent identifiers should be provided as HTTP URIs.",http://www.w3.org/1999/02/22-rdf-syntax-ns#Property,RecordLevel
ltc:,derivedCollection,Derived Collection,A flag to indicate that the collection description has been generated by aggregating data from one or more underlying datasets of its individual objects.,,For example this would be set = Yes if the record is an automatically generated reconstruction of Darwin’s finch collection which is now held at multiple institutions.,http://www.w3.org/1999/02/22-rdf-syntax-ns#Property,RecordLevel
dc:,license,License,A legal document giving official permission to do something with the resource.,A legal document giving official permission to do something with the collection description record.,"Recommended practice is to identify the license document with a URI. If this is not possible or feasible, a literal value that identifies the license may be provided.",http://www.w3.org/1999/02/22-rdf-syntax-ns#Property,RecordLevel
dc:,recordRights,Record Rights,Information about rights held in and over the resource.,A statement of any rights held in/over the collection description record.,"Typically, rights information includes a statement about various property rights associated with the resource, including intellectual property rights. Recommended practice is to refer to a rights statement with a URI. If this is not possible or feasible, a literal value (name, label, or short text) may be provided.",http://www.w3.org/1999/02/22-rdf-syntax-ns#Property,RecordLevel
dc:,rightsHolder,Rights Holder,A person or organization owning or managing rights over the resource.,A person or organization owning or managing rights held in/over the collection description record.,"Recommended practice is to refer to the rights holder with a URI. If this is not possible or feasible, a literal value that identifies the rights holder may be provided.",http://www.w3.org/1999/02/22-rdf-syntax-ns#Property,RecordLevel
abcd:,referenceDetails,Reference Details,Detailed information related to a class.,Detailed information about the resource being referenced.,,http://www.w3.org/1999/02/22-rdf-syntax-ns#Property,Reference
abcd:,referenceText,Reference Text,A generic text property to describe a class.,A short title for the reference.,,http://www.w3.org/1999/02/22-rdf-syntax-ns#Property,Reference
ltc:,referenceType,Reference Type,The type of resource being referenced.,,This property is intended to be used for a high level categorisation of resource types.,http://www.w3.org/1999/02/22-rdf-syntax-ns#Property,Reference
abcd:,resourceURI,Resource URI,An preferably resolvable URI to uniquely identify a concept.,An preferably resolvable URI providing access to the resource defined in the reference.,,http://www.w3.org/1999/02/22-rdf-syntax-ns#Property,Reference
dwc:,relatedResourceID,Related Resource ID,"An identifier for a related resource (the object, rather than the subject of the relationship).",,,http://www.w3.org/1999/02/22-rdf-syntax-ns#Property,ResourceRelationship
ltc:,relatedResourceName,Related Resource Name,A short textual name for the related resource.,,"This property can be used to list resources related to the source entity which lack an identifier, for example if a separate record for that resource doesn't yet exist. In the Collection Description standard, a use of this is to list named subcollections of a larger collections at a time when the resources might not be available to create a full Collection Description for each of them. If at a later point a Collection Description record is created for the subcollection, an identifier can be added to the relatedResourceID property to maintain the same relationship.",http://www.w3.org/1999/02/22-rdf-syntax-ns#Property,ResourceRelationship
dwc:,relationshipAccordingTo,Relationship According To,"The source (person, organization, publication, reference) establishing the relationship between the two resources.",,,http://www.w3.org/1999/02/22-rdf-syntax-ns#Property,ResourceRelationship
dwc:,relationshipEstablishedDate,Relationship Established Date,The date-time on which the relationship between the two resources was established.,,Recommended best practice is to use a date that conforms to ISO 8601-1:2019.,http://www.w3.org/1999/02/22-rdf-syntax-ns#Property,ResourceRelationship
dwc:,relationshipOfResource,Relationship Of Resource,The relationship of the resource identified by relatedResourceID to the subject (optionally identified by the resourceID).,,Recommended best practice is to use a controlled vocabulary.,http://www.w3.org/1999/02/22-rdf-syntax-ns#Property,ResourceRelationship
dwc:,relationshipRemarks,Relationship Remarks,Comments or notes about the relationship between the two resources.,,,http://www.w3.org/1999/02/22-rdf-syntax-ns#Property,ResourceRelationship
dwc:,resourceID,Resource ID,An identifier for the resource that is the subject of the relationship.,,,http://www.w3.org/1999/02/22-rdf-syntax-ns#Property,ResourceRelationship
dwc:,resourceRelationshipID,Resource Relationship ID,"An identifier for an instance of relationship between one resource (the subject) and another (relatedResource, the object).",,,http://www.w3.org/1999/02/22-rdf-syntax-ns#Property,ResourceRelationship
ltc:,locationName,Location Name,A label used to identify a place where the collection is stored.,,This is the lowest level of storage location for the object group (collection or sub-collection).,http://www.w3.org/1999/02/22-rdf-syntax-ns#Property,StorageLocation
ltc:,locationType,Location Type,The nature of the location where the collection is stored.,,"This defines the type of storage location named in locationName, and may refer to static locations or moveable containers.",http://www.w3.org/1999/02/22-rdf-syntax-ns#Property,StorageLocation
dwc:,genus,Genus,The full scientific name of the genus in which the taxon is classified.,The full scientific name of the genus in which the collection's taxa are classified.,,http://www.w3.org/1999/02/22-rdf-syntax-ns#Property,Taxon
dwc:,kingdom,Kingdom,The full scientific name of the kingdom in which the taxon is classified.,The full scientific name of the kingdom in which the taxa in the collection are classified.,,http://www.w3.org/1999/02/22-rdf-syntax-ns#Property,Taxon
dwc:,scientificName,Scientific Name,"The full scientific name, with authorship and date information if known. When forming part of an Identification, this should be the name in lowest level taxonomic rank that can be determined. This term should not contain identification qualifications, which should instead be supplied in the IdentificationQualifier term.",The full scientific name. This should be the name in lowest level taxonomic rank that applies across the collection.,"If this field is used, then recommended to also complete the taxonRank. This term should not contain identification qualifications.",http://www.w3.org/1999/02/22-rdf-syntax-ns#Property,Taxon
dwc:,taxonRank,Taxon Rank,The taxonomic rank of the most specific name in the scientificName.,,Recommended best practice is to use a controlled vocabulary. For example: https://bioportal.bioontology.org/ontologies/TAXRANK?p=summary,http://www.w3.org/1999/02/22-rdf-syntax-ns#Property,Taxon
ltc:,temporalCoverageEndDate,Temporal Coverage End Date,End date of the time range of the collection.,"If there is a temporalCoverageEndDate value, temporalCoverageType is recommended.",,http://www.w3.org/1999/02/22-rdf-syntax-ns#Property,TemporalCoverage
ltc:,temporalCoverageStartDate,Temporal Coverage Start Date,Start date of the time range of the collection.,"If there is a temporalCoverageStartDate value, temporalCoverageType is recommended.",,http://www.w3.org/1999/02/22-rdf-syntax-ns#Property,TemporalCoverage
ltc:,temporalCoverageType,Temporal Coverage Type,The type or context of the time range associated with the collection's establishment. Separate from the living or geologic periods represented by the objects in the collection.,"If there is a value for temporalCoverageStartDate or temporalCoverageEndDate, temporalCoverageType is recommended.",Recommendation is to use a controlled vocabulary.,http://www.w3.org/1999/02/22-rdf-syntax-ns#Property,TemporalCoverage
