subject_id,subject_category,subject_label,subject_type,predicate_id,predicate_label,object_id,object_category,object_label,object_type,mapping_justification,comment,license,mapping_date,author_id,author_label,reviewer_id,reviewer_label,creator_id,creator_label
http://rs.tdwg.org/ltc/terms/Address,Address,Address,rdfs class,http://www.w3.org/2004/02/skos/core#narrowMatch,narrowMatch,https://schema.org/PostalAddress,ContactPoint,,rdf property,Object is a more specific type of address.,,https://creativecommons.org/publicdomain/zero/1.0/,22/06/2023,https://orcid.org/0000-0001-6496-1423,Matt Woodburn,,,https://orcid.org/0000-0001-6496-1423,Matt Woodburn
https://schema.org/addressCountry,Address,Address Country,rdf property,http://www.w3.org/2004/02/skos/core#exactMatch,exactMatch,https://schema.org/addressCountry,PostalAddress,,rdf property,Concepts align exactly.,,https://creativecommons.org/publicdomain/zero/1.0/,22/06/2023,https://orcid.org/0000-0001-6496-1423,Matt Woodburn,,,https://orcid.org/0000-0001-6496-1423,Matt Woodburn
https://schema.org/addressLocality,Address,Address Locality,rdf property,http://www.w3.org/2004/02/skos/core#exactMatch,exactMatch,https://schema.org/addressLocality,PostalAddress,,rdf property,Concepts align exactly.,,https://creativecommons.org/publicdomain/zero/1.0/,22/06/2023,https://orcid.org/0000-0001-6496-1423,Matt Woodburn,,,https://orcid.org/0000-0001-6496-1423,Matt Woodburn
https://schema.org/addressRegion,Address,Address Region,rdf property,http://www.w3.org/2004/02/skos/core#exactMatch,exactMatch,https://schema.org/addressRegion,PostalAddress,,rdf property,Concepts align exactly.,,https://creativecommons.org/publicdomain/zero/1.0/,22/06/2023,https://orcid.org/0000-0001-6496-1423,Matt Woodburn,,,https://orcid.org/0000-0001-6496-1423,Matt Woodburn
http://rs.tdwg.org/ltc/terms/addressType,Address,Address Type,rdf property,http://www.w3.org/2004/02/skos/core#broadMatch,broadMatch,https://schema.org/contactType,ContactPoint,,rdf property,"Address is a subtype of contact, so addressType is a more specific use of contactType.",,https://creativecommons.org/publicdomain/zero/1.0/,22/06/2023,https://orcid.org/0000-0001-6496-1423,Matt Woodburn,,,https://orcid.org/0000-0001-6496-1423,Matt Woodburn
http://rs.tdwg.org/ltc/terms/hasIdentifier,Address,Has Identifier,rdf property,http://www.w3.org/2004/02/skos/core#broadMatch,broadMatch,http://purl.org/dc/terms/relation,DCMI Metadata Terms,Relation,rdf property,LtC applies constraints to the subject and object classes of the relation.,,https://creativecommons.org/publicdomain/zero/1.0/,22/06/2023,https://orcid.org/0000-0001-6496-1423,Matt Woodburn,,,https://orcid.org/0000-0001-6496-1423,Matt Woodburn
https://schema.org/postalCode,Address,Postal Code,rdf property,http://www.w3.org/2004/02/skos/core#exactMatch,exactMatch,https://schema.org/postalCode,PostalAddress,,rdf property,Concepts align exactly.,,https://creativecommons.org/publicdomain/zero/1.0/,22/06/2023,https://orcid.org/0000-0001-6496-1423,Matt Woodburn,,,https://orcid.org/0000-0001-6496-1423,Matt Woodburn
https://schema.org/postOfficeBoxNumber,Address,Post Office Box Number,rdf property,http://www.w3.org/2004/02/skos/core#exactMatch,exactMatch,https://schema.org/postOfficeBoxNumber,PostalAddress,,rdf property,Concepts align exactly.,,https://creativecommons.org/publicdomain/zero/1.0/,22/06/2023,https://orcid.org/0000-0001-6496-1423,Matt Woodburn,,,https://orcid.org/0000-0001-6496-1423,Matt Woodburn
https://schema.org/streetAddress,Address,Street Address,rdf property,http://www.w3.org/2004/02/skos/core#exactMatch,exactMatch,https://schema.org/streetAddress,PostalAddress,,rdf property,Concepts align exactly.,,https://creativecommons.org/publicdomain/zero/1.0/,22/06/2023,https://orcid.org/0000-0001-6496-1423,Matt Woodburn,,,https://orcid.org/0000-0001-6496-1423,Matt Woodburn
http://rs.tdwg.org/ltc/terms/ChronometricAge,ChronometricAge,Chronometric Age,rdfs class,http://www.w3.org/2004/02/skos/core#exactMatch,closeMatch,http://rs.tdwg.org/chrono/terms/ChronometricAge,Chronometric Age Extension,, rdfs class,"The concepts align exactly, but LtC has introduced related class-level properties.",,https://creativecommons.org/publicdomain/zero/1.0/,22/06/2023,https://orcid.org/0000-0001-6496-1423,Matt Woodburn,,,https://orcid.org/0000-0001-6496-1423,Matt Woodburn
http://rs.tdwg.org/chrono/terms/chronometricAgeProtocol,ChronometricAge,Chronometric Age Protocol,rdf property,http://www.w3.org/2004/02/skos/core#exactMatch,exactMatch,http://rs.tdwg.org/chrono/terms/chronometricAgeProtocol,ChronometricAge,Chronometric Age Protocol,rdf property,The same concept applies to the objects within an ltc:ObjectGroup as it does to a single object.,,https://creativecommons.org/publicdomain/zero/1.0/,22/06/2023,https://orcid.org/0000-0001-6496-1423,Matt Woodburn,,,https://orcid.org/0000-0001-6496-1423,Matt Woodburn
http://rs.tdwg.org/chrono/terms/chronometricAgeRemarks,ChronometricAge,Chronometric Age Remarks,rdf property,http://www.w3.org/2004/02/skos/core#exactMatch,exactMatch,http://rs.tdwg.org/chrono/terms/chronometricAgeRemarks,ChronometricAge,Chronometric Age Remarks,rdf property,The same concept applies to the objects within an ltc:ObjectGroup as it does to a single object.,,https://creativecommons.org/publicdomain/zero/1.0/,22/06/2023,https://orcid.org/0000-0001-6496-1423,Matt Woodburn,,,https://orcid.org/0000-0001-6496-1423,Matt Woodburn
http://rs.tdwg.org/chrono/terms/chronometricAgeUncertaintyInYears,ChronometricAge,Chronometric Age Uncertainty In Years,rdf property,http://www.w3.org/2004/02/skos/core#exactMatch,exactMatch,http://rs.tdwg.org/chrono/terms/chronometricAgeUncertaintyInYears,ChronometricAge,Chronometric Age Uncertainty In Years,rdf property,The same concept applies to the objects within an ltc:ObjectGroup as it does to a single object.,,https://creativecommons.org/publicdomain/zero/1.0/,22/06/2023,https://orcid.org/0000-0001-6496-1423,Matt Woodburn,,,https://orcid.org/0000-0001-6496-1423,Matt Woodburn
http://rs.tdwg.org/chrono/terms/earliestChronometricAge,ChronometricAge,Earliest Chronometric Age,rdf property,http://www.w3.org/2004/02/skos/core#exactMatch,exactMatch,http://rs.tdwg.org/chrono/terms/earliestChronometricAge,ChronometricAge,Earliest Chronometric Age,rdf property,The same concept applies to the objects within an ltc:ObjectGroup as it does to a single object.,,https://creativecommons.org/publicdomain/zero/1.0/,22/06/2023,https://orcid.org/0000-0001-6496-1423,Matt Woodburn,,,https://orcid.org/0000-0001-6496-1423,Matt Woodburn
http://rs.tdwg.org/chrono/terms/earliestChronometricAgeReferenceSystem,ChronometricAge,Earliest Chronometric Age Reference System,rdf property,http://www.w3.org/2004/02/skos/core#exactMatch,exactMatch,http://rs.tdwg.org/chrono/terms/earliestChronometricAgeReferenceSystem,ChronometricAge,Earliest Chronometric Age Reference System,rdf property,The same concept applies to the objects within an ltc:ObjectGroup as it does to a single object.,,https://creativecommons.org/publicdomain/zero/1.0/,22/06/2023,https://orcid.org/0000-0001-6496-1423,Matt Woodburn,,,https://orcid.org/0000-0001-6496-1423,Matt Woodburn
http://rs.tdwg.org/ltc/terms/chronometricAgeProtocol,ChronometricAge,Has Identifier,rdf property,http://www.w3.org/2004/02/skos/core#broadMatch,broadMatch,http://purl.org/dc/terms/relation,DCMI Metadata Terms,Relation,rdf property,LtC applies constraints to the subject and object classes of the relation.,,https://creativecommons.org/publicdomain/zero/1.0/,22/06/2023,https://orcid.org/0000-0001-6496-1423,Matt Woodburn,,,https://orcid.org/0000-0001-6496-1423,Matt Woodburn
http://rs.tdwg.org/ltc/terms/chronometricAgeRemarks,ChronometricAge,Has Measurement Or Fact,rdf property,http://www.w3.org/2004/02/skos/core#broadMatch,broadMatch,http://purl.org/dc/terms/relation,DCMI Metadata Terms,Relation,rdf property,LtC applies constraints to the subject and object classes of the relation.,,https://creativecommons.org/publicdomain/zero/1.0/,22/06/2023,https://orcid.org/0000-0001-6496-1423,Matt Woodburn,,,https://orcid.org/0000-0001-6496-1423,Matt Woodburn
http://rs.tdwg.org/ltc/terms/chronometricAgeUncertaintyInYears,ChronometricAge,Has Reference,rdf property,http://www.w3.org/2004/02/skos/core#broadMatch,broadMatch,http://purl.org/dc/terms/relation,DCMI Metadata Terms,Relation,rdf property,LtC applies constraints to the subject and object classes of the relation.,,https://creativecommons.org/publicdomain/zero/1.0/,22/06/2023,https://orcid.org/0000-0001-6496-1423,Matt Woodburn,,,https://orcid.org/0000-0001-6496-1423,Matt Woodburn
http://rs.tdwg.org/chrono/terms/latestChronometricAge,ChronometricAge,Latest Chronometric Age,rdf property,http://www.w3.org/2004/02/skos/core#exactMatch,exactMatch,http://rs.tdwg.org/chrono/terms/latestChronometricAge,ChronometricAge,Latest Chronometric Age,rdf property,The same concept applies to the objects within an ltc:ObjectGroup as it does to a single object.,,https://creativecommons.org/publicdomain/zero/1.0/,22/06/2023,https://orcid.org/0000-0001-6496-1423,Matt Woodburn,,,https://orcid.org/0000-0001-6496-1423,Matt Woodburn
http://rs.tdwg.org/chrono/terms/latestChronometricAgeReferenceSystem,ChronometricAge,Latest Chronometric Age Reference System,rdf property,http://www.w3.org/2004/02/skos/core#exactMatch,exactMatch,http://rs.tdwg.org/chrono/terms/latestChronometricAgeReferenceSystem,ChronometricAge,Latest Chronometric Age Reference System,rdf property,The same concept applies to the objects within an ltc:ObjectGroup as it does to a single object.,,https://creativecommons.org/publicdomain/zero/1.0/,22/06/2023,https://orcid.org/0000-0001-6496-1423,Matt Woodburn,,,https://orcid.org/0000-0001-6496-1423,Matt Woodburn
http://rs.tdwg.org/chrono/terms/verbatimChronometricAge,ChronometricAge,Verbatim Chronometric Age,rdf property,http://www.w3.org/2004/02/skos/core#exactMatch,exactMatch,http://rs.tdwg.org/chrono/terms/verbatimChronometricAge,ChronometricAge,Verbatim Chronometric Age,rdf property,The same concept applies to the objects within an ltc:ObjectGroup as it does to a single object.,,https://creativecommons.org/publicdomain/zero/1.0/,22/06/2023,https://orcid.org/0000-0001-6496-1423,Matt Woodburn,,,https://orcid.org/0000-0001-6496-1423,Matt Woodburn
http://rs.tdwg.org/ltc/terms/hasIdentifier,CollectionStatusHistory,Has Identifier,rdf property,http://www.w3.org/2004/02/skos/core#broadMatch,broadMatch,http://purl.org/dc/terms/relation,DCMI Metadata Terms,Relation,rdf property,LtC applies constraints to the subject and object classes of the relation.,,https://creativecommons.org/publicdomain/zero/1.0/,22/06/2023,https://orcid.org/0000-0001-6496-1423,Matt Woodburn,,,https://orcid.org/0000-0001-6496-1423,Matt Woodburn
http://rs.tdwg.org/ltc/terms/hasMeasurementOrFact,CollectionStatusHistory,Has Measurement Or Fact,rdf property,http://www.w3.org/2004/02/skos/core#broadMatch,broadMatch,http://purl.org/dc/terms/relation,DCMI Metadata Terms,Relation,rdf property,LtC applies constraints to the subject and object classes of the relation.,,https://creativecommons.org/publicdomain/zero/1.0/,22/06/2023,https://orcid.org/0000-0001-6496-1423,Matt Woodburn,,,https://orcid.org/0000-0001-6496-1423,Matt Woodburn
http://rs.tdwg.org/ltc/terms/hasReference,CollectionStatusHistory,Has Reference,rdf property,http://www.w3.org/2004/02/skos/core#broadMatch,broadMatch,http://purl.org/dc/terms/relation,DCMI Metadata Terms,Relation,rdf property,LtC applies constraints to the subject and object classes of the relation.,,https://creativecommons.org/publicdomain/zero/1.0/,22/06/2023,https://orcid.org/0000-0001-6496-1423,Matt Woodburn,,,https://orcid.org/0000-0001-6496-1423,Matt Woodburn
http://rs.tdwg.org/ltc/terms/hasTemporalCoverage,CollectionStatusHistory,Has Temporal Coverage,rdf property,http://www.w3.org/2004/02/skos/core#broadMatch,broadMatch,http://purl.org/dc/terms/relation,DCMI Metadata Terms,Relation,rdf property,LtC applies constraints to the subject and object classes of the relation.,,https://creativecommons.org/publicdomain/zero/1.0/,22/06/2023,https://orcid.org/0000-0001-6496-1423,Matt Woodburn,,,https://orcid.org/0000-0001-6496-1423,Matt Woodburn
http://rs.tdwg.org/ltc/terms/statusType,CollectionStatusHistory,Status Type,rdf property,http://www.w3.org/2004/02/skos/core#broadMatch,broadMatch,http://purl.org/dc/terms/type,DCMI Metadata Terms,Type,rdf property,"The LtC term is a more specific, contextual subtype of the object term.",,https://creativecommons.org/publicdomain/zero/1.0/,22/06/2023,https://orcid.org/0000-0001-6496-1423,Matt Woodburn,,,https://orcid.org/0000-0001-6496-1423,Matt Woodburn
http://rs.tdwg.org/ltc/terms/contactDetailCategory,ContactDetail,Contact Detail Category,rdf property,http://www.w3.org/2004/02/skos/core#broadMatch,broadMatch,http://purl.org/dc/terms/type,DCMI Metadata Terms,Type,rdf property,"The LtC term is a more specific, contextual subtype of the object term.",,https://creativecommons.org/publicdomain/zero/1.0/,22/06/2023,https://orcid.org/0000-0001-6496-1423,Matt Woodburn,,,https://orcid.org/0000-0001-6496-1423,Matt Woodburn
http://rs.tdwg.org/ltc/terms/contactDetailValue,ContactDetail,Contact Detail Value,rdf property,http://www.w3.org/2004/02/skos/core#narrowMatch,narrowMatch,https://schema.org/email,ContactPoint; Organization; Person,,rdf property,The LtC term has a more generic scope that covers the values for multiple contact types.,,https://creativecommons.org/publicdomain/zero/1.0/,22/06/2023,https://orcid.org/0000-0001-6496-1423,Matt Woodburn,,,https://orcid.org/0000-0001-6496-1423,Matt Woodburn
http://rs.tdwg.org/ltc/terms/contactDetailValue,ContactDetail,Contact Detail Value,rdf property,http://www.w3.org/2004/02/skos/core#narrowMatch,narrowMatch,https://schema.org/faxNumber,ContactPoint; Organization; Person,,rdf property,The LtC term has a more generic scope that covers the values for multiple contact types.,,https://creativecommons.org/publicdomain/zero/1.0/,22/06/2023,https://orcid.org/0000-0001-6496-1423,Matt Woodburn,,,https://orcid.org/0000-0001-6496-1423,Matt Woodburn
http://rs.tdwg.org/ltc/terms/contactDetailValue,ContactDetail,Contact Detail Value,rdf property,http://www.w3.org/2004/02/skos/core#narrowMatch,narrowMatch,https://schema.org/telephone,ContactPoint; Organization; Person,,rdf property,The LtC term has a more generic scope that covers the values for multiple contact types.,,https://creativecommons.org/publicdomain/zero/1.0/,22/06/2023,https://orcid.org/0000-0001-6496-1423,Matt Woodburn,,,https://orcid.org/0000-0001-6496-1423,Matt Woodburn
http://rs.tdwg.org/ltc/terms/hasIdentifier,ContactDetail,Has Identifier,rdf property,http://www.w3.org/2004/02/skos/core#broadMatch,broadMatch,http://purl.org/dc/terms/relation,DCMI Metadata Terms,Relation,rdf property,LtC applies constraints to the subject and object classes of the relation.,,https://creativecommons.org/publicdomain/zero/1.0/,22/06/2023,https://orcid.org/0000-0001-6496-1423,Matt Woodburn,,,https://orcid.org/0000-0001-6496-1423,Matt Woodburn
http://rs.tdwg.org/ltc/terms/habitat,EcologicalContext,Habitat,rdf property,http://www.w3.org/2004/02/skos/core#closeMatch,closeMatch,http://rs.tdwg.org/dwc/terms/habitat,Event,Habitat,rdf property,LtC has a different parent class (EcologicalContext) which may be linked directly to an ObjectGroup without defining an event.,,https://creativecommons.org/publicdomain/zero/1.0/,22/06/2023,https://orcid.org/0000-0001-6496-1423,Matt Woodburn,,,https://orcid.org/0000-0001-6496-1423,Matt Woodburn
http://rs.tdwg.org/ltc/terms/hasIdentifier,EcologicalContext,Has Identifier,rdf property,http://www.w3.org/2004/02/skos/core#broadMatch,broadMatch,http://purl.org/dc/terms/relation,DCMI Metadata Terms,Relation,rdf property,LtC applies constraints to the subject and object classes of the relation.,,https://creativecommons.org/publicdomain/zero/1.0/,22/06/2023,https://orcid.org/0000-0001-6496-1423,Matt Woodburn,,,https://orcid.org/0000-0001-6496-1423,Matt Woodburn
http://rs.tdwg.org/ltc/terms/hasMeasurementOrFact,EcologicalContext,Has Measurement Or Fact,rdf property,http://www.w3.org/2004/02/skos/core#broadMatch,broadMatch,http://purl.org/dc/terms/relation,DCMI Metadata Terms,Relation,rdf property,LtC applies constraints to the subject and object classes of the relation.,,https://creativecommons.org/publicdomain/zero/1.0/,22/06/2023,https://orcid.org/0000-0001-6496-1423,Matt Woodburn,,,https://orcid.org/0000-0001-6496-1423,Matt Woodburn
http://rs.tdwg.org/ltc/terms/hasReference,EcologicalContext,Has Reference,rdf property,http://www.w3.org/2004/02/skos/core#broadMatch,broadMatch,http://purl.org/dc/terms/relation,DCMI Metadata Terms,Relation,rdf property,LtC applies constraints to the subject and object classes of the relation.,,https://creativecommons.org/publicdomain/zero/1.0/,22/06/2023,https://orcid.org/0000-0001-6496-1423,Matt Woodburn,,,https://orcid.org/0000-0001-6496-1423,Matt Woodburn
http://rs.tdwg.org/ltc/terms/Event,Event,Event,rdfs class,http://www.w3.org/2004/02/skos/core#closeMatch,closeMatch,http://rs.tdwg.org/dwc/terms/Event,Event,Event,rdf property,"Concepts align, but the LtC class adds class-level properties.",,https://creativecommons.org/publicdomain/zero/1.0/,22/06/2023,https://orcid.org/0000-0001-6496-1423,Matt Woodburn,,,https://orcid.org/0000-0001-6496-1423,Matt Woodburn
http://rs.tdwg.org/ltc/terms/eventName,Event,Event Name,rdf property,http://www.w3.org/2004/02/skos/core#broadMatch,broadMatch,http://purl.org/dc/terms/title,DCMI Metadata Terms,Title,rdf property,LtC narrows scope to the title of an Event.,,https://creativecommons.org/publicdomain/zero/1.0/,22/06/2023,https://orcid.org/0000-0001-6496-1423,Matt Woodburn,,,https://orcid.org/0000-0001-6496-1423,Matt Woodburn
http://rs.tdwg.org/ltc/terms/hasEcologicalContext,Event,Has Ecological Context,rdf property,http://www.w3.org/2004/02/skos/core#broadMatch,broadMatch,http://purl.org/dc/terms/relation,DCMI Metadata Terms,Relation,rdf property,LtC applies constraints to the subject and object classes of the relation.,,https://creativecommons.org/publicdomain/zero/1.0/,22/06/2023,https://orcid.org/0000-0001-6496-1423,Matt Woodburn,,,https://orcid.org/0000-0001-6496-1423,Matt Woodburn
http://rs.tdwg.org/ltc/terms/hasGeographicContext,Event,Has Geographic Context,rdf property,http://www.w3.org/2004/02/skos/core#broadMatch,broadMatch,http://purl.org/dc/terms/relation,DCMI Metadata Terms,Relation,rdf property,LtC applies constraints to the subject and object classes of the relation.,,https://creativecommons.org/publicdomain/zero/1.0/,22/06/2023,https://orcid.org/0000-0001-6496-1423,Matt Woodburn,,,https://orcid.org/0000-0001-6496-1423,Matt Woodburn
http://rs.tdwg.org/ltc/terms/hasIdentifier,Event,Has Identifier,rdf property,http://www.w3.org/2004/02/skos/core#broadMatch,broadMatch,http://purl.org/dc/terms/relation,DCMI Metadata Terms,Relation,rdf property,LtC applies constraints to the subject and object classes of the relation.,,https://creativecommons.org/publicdomain/zero/1.0/,22/06/2023,https://orcid.org/0000-0001-6496-1423,Matt Woodburn,,,https://orcid.org/0000-0001-6496-1423,Matt Woodburn
http://rs.tdwg.org/ltc/terms/hasMeasurementOrFact,Event,Has Measurement Or Fact,rdf property,http://www.w3.org/2004/02/skos/core#broadMatch,broadMatch,http://purl.org/dc/terms/relation,DCMI Metadata Terms,Relation,rdf property,LtC applies constraints to the subject and object classes of the relation.,,https://creativecommons.org/publicdomain/zero/1.0/,22/06/2023,https://orcid.org/0000-0001-6496-1423,Matt Woodburn,,,https://orcid.org/0000-0001-6496-1423,Matt Woodburn
http://rs.tdwg.org/ltc/terms/hasParentEvent,Event,Has Parent Event,rdf property,http://www.w3.org/2004/02/skos/core#broadMatch,broadMatch,http://purl.org/dc/terms/relation,DCMI Metadata Terms,Relation,rdf property,LtC applies constraints to the subject and object classes of the relation.,,https://creativecommons.org/publicdomain/zero/1.0/,22/06/2023,https://orcid.org/0000-0001-6496-1423,Matt Woodburn,,,https://orcid.org/0000-0001-6496-1423,Matt Woodburn
http://rs.tdwg.org/ltc/terms/hasPersonRole,Event,Has Person Role,rdf property,http://www.w3.org/2004/02/skos/core#broadMatch,broadMatch,http://purl.org/dc/terms/relation,DCMI Metadata Terms,Relation,rdf property,LtC applies constraints to the subject and object classes of the relation.,,https://creativecommons.org/publicdomain/zero/1.0/,22/06/2023,https://orcid.org/0000-0001-6496-1423,Matt Woodburn,,,https://orcid.org/0000-0001-6496-1423,Matt Woodburn
http://rs.tdwg.org/ltc/terms/hasReference,Event,Has Reference,rdf property,http://www.w3.org/2004/02/skos/core#broadMatch,broadMatch,http://purl.org/dc/terms/relation,DCMI Metadata Terms,Relation,rdf property,LtC applies constraints to the subject and object classes of the relation.,,https://creativecommons.org/publicdomain/zero/1.0/,22/06/2023,https://orcid.org/0000-0001-6496-1423,Matt Woodburn,,,https://orcid.org/0000-0001-6496-1423,Matt Woodburn
http://rs.tdwg.org/ltc/terms/hasTemporalCoverage,Event,Has Temporal Coverage,rdf property,http://www.w3.org/2004/02/skos/core#broadMatch,broadMatch,http://purl.org/dc/terms/relation,DCMI Metadata Terms,Relation,rdf property,LtC applies constraints to the subject and object classes of the relation.,,https://creativecommons.org/publicdomain/zero/1.0/,22/06/2023,https://orcid.org/0000-0001-6496-1423,Matt Woodburn,,,https://orcid.org/0000-0001-6496-1423,Matt Woodburn
http://rs.tdwg.org/dwc/terms/samplingProtocol,Event,Sampling Protocol,rdf property,http://www.w3.org/2004/02/skos/core#broadMatch,broadMatch,http://rs.tdwg.org/dwc/terms/samplingProtocol,Event,Sampling Protocol,rdf property,,,https://creativecommons.org/publicdomain/zero/1.0/,22/06/2023,https://orcid.org/0000-0001-6496-1423,Matt Woodburn,,,https://orcid.org/0000-0001-6496-1423,Matt Woodburn
http://rs.tdwg.org/dwc/terms/verbatimEventDate,Event,Verbatim Event Date,rdf property,http://www.w3.org/2004/02/skos/core#exactMatch,exactMatch,http://rs.tdwg.org/dwc/terms/verbatimEventDate,Event,Verbatim Event Date,rdf property,,,https://creativecommons.org/publicdomain/zero/1.0/,22/06/2023,https://orcid.org/0000-0001-6496-1423,Matt Woodburn,,,https://orcid.org/0000-0001-6496-1423,Matt Woodburn
http://rs.tdwg.org/ltc/terms/GeographicContext,GeographicContext,Geographic Context,rdfs class,http://www.w3.org/2004/02/skos/core#broadMatch,broadMatch,http://purl.org/dc/terms/Location,DCMI Metadata Terms,Location,rdfs class,"LtC narrows the definition to the location from which objects in the ObjectGroup originated, or where an Event took place.",,https://creativecommons.org/publicdomain/zero/1.0/,22/06/2023,https://orcid.org/0000-0001-6496-1423,Matt Woodburn,,,https://orcid.org/0000-0001-6496-1423,Matt Woodburn
http://rs.tdwg.org/dwc/terms/continent,GeographicContext,Continent,rdf property,http://www.w3.org/2004/02/skos/core#exactMatch,exactMatch,http://rs.tdwg.org/dwc/terms/continent,Location,Continent,rdf property,,,https://creativecommons.org/publicdomain/zero/1.0/,22/06/2023,https://orcid.org/0000-0001-6496-1423,Matt Woodburn,,,https://orcid.org/0000-0001-6496-1423,Matt Woodburn
http://rs.tdwg.org/dwc/terms/country,GeographicContext,Country,rdf property,http://www.w3.org/2004/02/skos/core#exactMatch,exactMatch,http://rs.tdwg.org/dwc/terms/country,Location,Country,rdf property,,,https://creativecommons.org/publicdomain/zero/1.0/,22/06/2023,https://orcid.org/0000-0001-6496-1423,Matt Woodburn,,,https://orcid.org/0000-0001-6496-1423,Matt Woodburn
http://rs.tdwg.org/dwc/terms/countryCode,GeographicContext,Country Code,rdf property,http://www.w3.org/2004/02/skos/core#exactMatch,exactMatch,http://rs.tdwg.org/dwc/terms/countryCode,Location,Country Code,rdf property,,,https://creativecommons.org/publicdomain/zero/1.0/,22/06/2023,https://orcid.org/0000-0001-6496-1423,Matt Woodburn,,,https://orcid.org/0000-0001-6496-1423,Matt Woodburn
http://rs.tdwg.org/dwc/terms/county,GeographicContext,Second Order Division,rdf property,http://www.w3.org/2004/02/skos/core#exactMatch,exactMatch,http://rs.tdwg.org/dwc/terms/county,Location,County,rdf property,,,https://creativecommons.org/publicdomain/zero/1.0/,22/06/2023,https://orcid.org/0000-0001-6496-1423,Matt Woodburn,,,https://orcid.org/0000-0001-6496-1423,Matt Woodburn
http://rs.tdwg.org/ltc/terms/hasIdentifier,GeographicContext,Has Identifier,rdf property,http://www.w3.org/2004/02/skos/core#broadMatch,broadMatch,http://purl.org/dc/terms/relation,DCMI Metadata Terms,Relation,rdf property,LtC applies constraints to the subject and object classes of the relation.,,https://creativecommons.org/publicdomain/zero/1.0/,22/06/2023,https://orcid.org/0000-0001-6496-1423,Matt Woodburn,,,https://orcid.org/0000-0001-6496-1423,Matt Woodburn
http://rs.tdwg.org/ltc/terms/hasMeasurementOrFact,GeographicContext,Has Measurement Or Fact,rdf property,http://www.w3.org/2004/02/skos/core#broadMatch,broadMatch,http://purl.org/dc/terms/relation,DCMI Metadata Terms,Relation,rdf property,LtC applies constraints to the subject and object classes of the relation.,,https://creativecommons.org/publicdomain/zero/1.0/,22/06/2023,https://orcid.org/0000-0001-6496-1423,Matt Woodburn,,,https://orcid.org/0000-0001-6496-1423,Matt Woodburn
http://rs.tdwg.org/ltc/terms/hasReference,GeographicContext,Has Reference,rdf property,http://www.w3.org/2004/02/skos/core#broadMatch,broadMatch,http://purl.org/dc/terms/relation,DCMI Metadata Terms,Relation,rdf property,LtC applies constraints to the subject and object classes of the relation.,,https://creativecommons.org/publicdomain/zero/1.0/,22/06/2023,https://orcid.org/0000-0001-6496-1423,Matt Woodburn,,,https://orcid.org/0000-0001-6496-1423,Matt Woodburn
http://rs.tdwg.org/dwc/terms/island,GeographicContext,Island,rdf property,http://www.w3.org/2004/02/skos/core#exactMatch,exactMatch,http://rs.tdwg.org/dwc/terms/island,Location,Island,rdf property,,,https://creativecommons.org/publicdomain/zero/1.0/,22/06/2023,https://orcid.org/0000-0001-6496-1423,Matt Woodburn,,,https://orcid.org/0000-0001-6496-1423,Matt Woodburn
http://rs.tdwg.org/dwc/terms/islandGroup,GeographicContext,Island Group,rdf property,http://www.w3.org/2004/02/skos/core#exactMatch,exactMatch,http://rs.tdwg.org/dwc/terms/islandGroup,Location,Island Group,rdf property,,,https://creativecommons.org/publicdomain/zero/1.0/,22/06/2023,https://orcid.org/0000-0001-6496-1423,Matt Woodburn,,,https://orcid.org/0000-0001-6496-1423,Matt Woodburn
http://rs.tdwg.org/dwc/terms/locality,GeographicContext,Locality,rdf property,http://www.w3.org/2004/02/skos/core#exactMatch,exactMatch,http://rs.tdwg.org/dwc/terms/locality,Location,Locality,rdf property,,,https://creativecommons.org/publicdomain/zero/1.0/,22/06/2023,https://orcid.org/0000-0001-6496-1423,Matt Woodburn,,,https://orcid.org/0000-0001-6496-1423,Matt Woodburn
http://rs.tdwg.org/dwc/terms/municipality,GeographicContext,Municipality,rdf property,http://www.w3.org/2004/02/skos/core#exactMatch,exactMatch,http://rs.tdwg.org/dwc/terms/municipality,Location,Municipality,rdf property,,,https://creativecommons.org/publicdomain/zero/1.0/,22/06/2023,https://orcid.org/0000-0001-6496-1423,Matt Woodburn,,,https://orcid.org/0000-0001-6496-1423,Matt Woodburn
http://rs.tdwg.org/ltc/terms/region,GeographicContext,Region,rdf property,http://www.w3.org/2004/02/skos/core#relatedMatch,relatedMatch,http://rs.tdwg.org/dwc/terms/locality,Location,Locality,rdf property,LtC adds a more specific subtype of location.,,https://creativecommons.org/publicdomain/zero/1.0/,22/06/2023,https://orcid.org/0000-0001-6496-1423,Matt Woodburn,,,https://orcid.org/0000-0001-6496-1423,Matt Woodburn
http://rs.tdwg.org/dwc/terms/stateProvince,GeographicContext,First Order Division,rdf property,http://www.w3.org/2004/02/skos/core#exactMatch,exactMatch,http://rs.tdwg.org/dwc/terms/stateProvince,Location,State Province,rdf property,,,https://creativecommons.org/publicdomain/zero/1.0/,22/06/2023,https://orcid.org/0000-0001-6496-1423,Matt Woodburn,,,https://orcid.org/0000-0001-6496-1423,Matt Woodburn
http://rs.tdwg.org/dwc/terms/waterBody,GeographicContext,Water Body,rdf property,http://www.w3.org/2004/02/skos/core#exactMatch,exactMatch,http://rs.tdwg.org/dwc/terms/waterBody,Location,Water Body,rdf property,,,https://creativecommons.org/publicdomain/zero/1.0/,22/06/2023,https://orcid.org/0000-0001-6496-1423,Matt Woodburn,,,https://orcid.org/0000-0001-6496-1423,Matt Woodburn
http://rs.tdwg.org/ltc/terms/waterBodyType,GeographicContext,Waterbody Type,rdf property,http://www.w3.org/2004/02/skos/core#broadMatch,broadMatch,http://purl.org/dc/terms/type,DCMI Metadata Terms,Type,rdf property,LtC constrains to a more specific context.,,https://creativecommons.org/publicdomain/zero/1.0/,22/06/2023,https://orcid.org/0000-0001-6496-1423,Matt Woodburn,,,https://orcid.org/0000-0001-6496-1423,Matt Woodburn
http://rs.tdwg.org/ltc/terms/GeologicalContext,GeologicalContext,Geological Context,rdfs class,http://www.w3.org/2004/02/skos/core#closeMatch,closeMatch,http://rs.tdwg.org/dwc/terms/GeologicalContext,GeologicalContext,Geological Context,rdfs class,"Concepts align, but the LtC class adds class-level properties.",,https://creativecommons.org/publicdomain/zero/1.0/,22/06/2023,https://orcid.org/0000-0001-6496-1423,Matt Woodburn,,,https://orcid.org/0000-0001-6496-1423,Matt Woodburn
http://rs.tdwg.org/dwc/terms/bed,GeologicalContext,Bed,rdf property,http://www.w3.org/2004/02/skos/core#exactMatch,exactMatch,http://rs.tdwg.org/dwc/terms/bed,GeologicalContext,Bed,rdf property,,,https://creativecommons.org/publicdomain/zero/1.0/,22/06/2023,https://orcid.org/0000-0001-6496-1423,Matt Woodburn,,,https://orcid.org/0000-0001-6496-1423,Matt Woodburn
http://rs.tdwg.org/dwc/terms/earliestAgeOrLowestStage,GeologicalContext,Earliest Age Or Lowest Stage,rdf property,http://www.w3.org/2004/02/skos/core#exactMatch,exactMatch,http://rs.tdwg.org/dwc/terms/earliestAgeOrLowestStage,GeologicalContext,Earliest Age Or Lowest Stage,rdf property,,,https://creativecommons.org/publicdomain/zero/1.0/,22/06/2023,https://orcid.org/0000-0001-6496-1423,Matt Woodburn,,,https://orcid.org/0000-0001-6496-1423,Matt Woodburn
http://rs.tdwg.org/dwc/terms/earliestEonOrLowestEonothem,GeologicalContext,Earliest Eon Or Lowest Eonothem,rdf property,http://www.w3.org/2004/02/skos/core#exactMatch,exactMatch,http://rs.tdwg.org/dwc/terms/earliestEonOrLowestEonothem,GeologicalContext,Earliest Eon Or Lowest Eonothem,rdf property,,,https://creativecommons.org/publicdomain/zero/1.0/,22/06/2023,https://orcid.org/0000-0001-6496-1423,Matt Woodburn,,,https://orcid.org/0000-0001-6496-1423,Matt Woodburn
http://rs.tdwg.org/dwc/terms/earliestEpochOrLowestSeries,GeologicalContext,Earliest Epoch Or Lowest Series,rdf property,http://www.w3.org/2004/02/skos/core#exactMatch,exactMatch,http://rs.tdwg.org/dwc/terms/earliestEpochOrLowestSeries,GeologicalContext,Earliest Epoch Or Lowest Series,rdf property,,,https://creativecommons.org/publicdomain/zero/1.0/,22/06/2023,https://orcid.org/0000-0001-6496-1423,Matt Woodburn,,,https://orcid.org/0000-0001-6496-1423,Matt Woodburn
http://rs.tdwg.org/dwc/terms/earliestEraOrLowestErathem,GeologicalContext,Earliest Era Or Lowest Erathem,rdf property,http://www.w3.org/2004/02/skos/core#exactMatch,exactMatch,http://rs.tdwg.org/dwc/terms/earliestEraOrLowestErathem,GeologicalContext,Earliest Era Or Lowest Erathem,rdf property,,,https://creativecommons.org/publicdomain/zero/1.0/,22/06/2023,https://orcid.org/0000-0001-6496-1423,Matt Woodburn,,,https://orcid.org/0000-0001-6496-1423,Matt Woodburn
http://rs.tdwg.org/dwc/terms/earliestPeriodOrLowestSystem,GeologicalContext,Earliest Period Or Lowest System,rdf property,http://www.w3.org/2004/02/skos/core#exactMatch,exactMatch,http://rs.tdwg.org/dwc/terms/earliestPeriodOrLowestSystem,GeologicalContext,Earliest Period Or Lowest System,rdf property,,,https://creativecommons.org/publicdomain/zero/1.0/,22/06/2023,https://orcid.org/0000-0001-6496-1423,Matt Woodburn,,,https://orcid.org/0000-0001-6496-1423,Matt Woodburn
http://rs.tdwg.org/dwc/terms/formation,GeologicalContext,Formation,rdf property,http://www.w3.org/2004/02/skos/core#exactMatch,exactMatch,http://rs.tdwg.org/dwc/terms/formation,GeologicalContext,Formation,rdf property,,,https://creativecommons.org/publicdomain/zero/1.0/,22/06/2023,https://orcid.org/0000-0001-6496-1423,Matt Woodburn,,,https://orcid.org/0000-0001-6496-1423,Matt Woodburn
http://rs.tdwg.org/dwc/terms/group,GeologicalContext,Group,rdf property,http://www.w3.org/2004/02/skos/core#exactMatch,exactMatch,http://rs.tdwg.org/dwc/terms/group,GeologicalContext,Group,rdf property,,,https://creativecommons.org/publicdomain/zero/1.0/,22/06/2023,https://orcid.org/0000-0001-6496-1423,Matt Woodburn,,,https://orcid.org/0000-0001-6496-1423,Matt Woodburn
http://rs.tdwg.org/ltc/terms/hasIdentifier,GeologicalContext,Has Identifier,rdf property,http://www.w3.org/2004/02/skos/core#broadMatch,broadMatch,http://purl.org/dc/terms/relation,DCMI Metadata Terms,Relation,rdf property,LtC applies constraints to the subject and object classes of the relation.,,https://creativecommons.org/publicdomain/zero/1.0/,22/06/2023,https://orcid.org/0000-0001-6496-1423,Matt Woodburn,,,https://orcid.org/0000-0001-6496-1423,Matt Woodburn
http://rs.tdwg.org/ltc/terms/hasMeasurementOrFact,GeologicalContext,Has Measurement Or Fact,rdf property,http://www.w3.org/2004/02/skos/core#broadMatch,broadMatch,http://purl.org/dc/terms/relation,DCMI Metadata Terms,Relation,rdf property,LtC applies constraints to the subject and object classes of the relation.,,https://creativecommons.org/publicdomain/zero/1.0/,22/06/2023,https://orcid.org/0000-0001-6496-1423,Matt Woodburn,,,https://orcid.org/0000-0001-6496-1423,Matt Woodburn
http://rs.tdwg.org/ltc/terms/hasReference,GeologicalContext,Has Reference,rdf property,http://www.w3.org/2004/02/skos/core#broadMatch,broadMatch,http://purl.org/dc/terms/relation,DCMI Metadata Terms,Relation,rdf property,LtC applies constraints to the subject and object classes of the relation.,,https://creativecommons.org/publicdomain/zero/1.0/,22/06/2023,https://orcid.org/0000-0001-6496-1423,Matt Woodburn,,,https://orcid.org/0000-0001-6496-1423,Matt Woodburn
http://rs.tdwg.org/dwc/terms/latestAgeOrHighestStage,GeologicalContext,Latest Age Or Highest Stage,rdf property,http://www.w3.org/2004/02/skos/core#exactMatch,exactMatch,http://rs.tdwg.org/dwc/terms/latestAgeOrHighestStage,GeologicalContext,Latest Age Or Highest Stage,rdf property,,,https://creativecommons.org/publicdomain/zero/1.0/,22/06/2023,https://orcid.org/0000-0001-6496-1423,Matt Woodburn,,,https://orcid.org/0000-0001-6496-1423,Matt Woodburn
http://rs.tdwg.org/dwc/terms/latestEonOrHighestEonothem,GeologicalContext,Latest Eon Or Highest Eonothem,rdf property,http://www.w3.org/2004/02/skos/core#exactMatch,exactMatch,http://rs.tdwg.org/dwc/terms/latestEonOrHighestEonothem,GeologicalContext,Latest Eon Or Highest Eonothem,rdf property,,,https://creativecommons.org/publicdomain/zero/1.0/,22/06/2023,https://orcid.org/0000-0001-6496-1423,Matt Woodburn,,,https://orcid.org/0000-0001-6496-1423,Matt Woodburn
http://rs.tdwg.org/dwc/terms/latestEpochOrHighestSeries,GeologicalContext,Latest Epoch Or Highest Series,rdf property,http://www.w3.org/2004/02/skos/core#exactMatch,exactMatch,http://rs.tdwg.org/dwc/terms/latestEpochOrHighestSeries,GeologicalContext,Latest Epoch Or Highest Series,rdf property,,,https://creativecommons.org/publicdomain/zero/1.0/,22/06/2023,https://orcid.org/0000-0001-6496-1423,Matt Woodburn,,,https://orcid.org/0000-0001-6496-1423,Matt Woodburn
http://rs.tdwg.org/dwc/terms/latestEraOrHighestErathem,GeologicalContext,Latest Era Or Highest Erathem,rdf property,http://www.w3.org/2004/02/skos/core#exactMatch,exactMatch,http://rs.tdwg.org/dwc/terms/latestEraOrHighestErathem,GeologicalContext,Latest Era Or Highest Erathem,rdf property,,,https://creativecommons.org/publicdomain/zero/1.0/,22/06/2023,https://orcid.org/0000-0001-6496-1423,Matt Woodburn,,,https://orcid.org/0000-0001-6496-1423,Matt Woodburn
http://rs.tdwg.org/dwc/terms/latestPeriodOrHighestSystem,GeologicalContext,Latest Period Or Highest System,rdf property,http://www.w3.org/2004/02/skos/core#exactMatch,exactMatch,http://rs.tdwg.org/dwc/terms/latestPeriodOrHighestSystem,GeologicalContext,Latest Period Or Highest System,rdf property,,,https://creativecommons.org/publicdomain/zero/1.0/,22/06/2023,https://orcid.org/0000-0001-6496-1423,Matt Woodburn,,,https://orcid.org/0000-0001-6496-1423,Matt Woodburn
http://rs.tdwg.org/dwc/terms/member,GeologicalContext,Member,rdf property,http://www.w3.org/2004/02/skos/core#exactMatch,exactMatch,http://rs.tdwg.org/dwc/terms/member,GeologicalContext,Member,rdf property,,,https://creativecommons.org/publicdomain/zero/1.0/,22/06/2023,https://orcid.org/0000-0001-6496-1423,Matt Woodburn,,,https://orcid.org/0000-0001-6496-1423,Matt Woodburn
http://rs.tdwg.org/ltc/terms/hasReference,Identifier,Has Reference,rdf property,http://www.w3.org/2004/02/skos/core#broadMatch,broadMatch,http://purl.org/dc/terms/relation,DCMI Metadata Terms,Relation,rdf property,LtC applies constraints to the subject and object classes of the relation.,,https://creativecommons.org/publicdomain/zero/1.0/,22/06/2023,https://orcid.org/0000-0001-6496-1423,Matt Woodburn,,,https://orcid.org/0000-0001-6496-1423,Matt Woodburn
http://rs.tdwg.org/ltc/terms/identifierSource,Identifier,Identifier Source,rdf property,http://www.w3.org/2004/02/skos/core#broadMatch,broadMatch,http://purl.org/dc/terms/source,DCMI Metadata Terms,Source,rdf property,LtC term represents a more specific type of source.,,https://creativecommons.org/publicdomain/zero/1.0/,22/06/2023,https://orcid.org/0000-0001-6496-1423,Matt Woodburn,,,https://orcid.org/0000-0001-6496-1423,Matt Woodburn
http://rs.tdwg.org/ltc/terms/identifierType,Identifier,Identifier Type,rdf property,http://www.w3.org/2004/02/skos/core#broadMatch,broadMatch,http://purl.org/dc/terms/type,DCMI Metadata Terms,Type,rdf property,LtC term represents a more specific type of type.,,https://creativecommons.org/publicdomain/zero/1.0/,22/06/2023,https://orcid.org/0000-0001-6496-1423,Matt Woodburn,,,https://orcid.org/0000-0001-6496-1423,Matt Woodburn
http://rs.tdwg.org/ltc/terms/identifierValue,Identifier,Identifier Value,rdf property,http://www.w3.org/2004/02/skos/core#closeMatch,closeMatch,http://purl.org/dc/terms/identifier,DCMI Metadata Terms,Identifier,rdf property,"Concepts are closely aligned, but term name changed in LtC to distinguish from the parent class.",,https://creativecommons.org/publicdomain/zero/1.0/,22/06/2023,https://orcid.org/0000-0001-6496-1423,Matt Woodburn,,,https://orcid.org/0000-0001-6496-1423,Matt Woodburn
http://rs.tdwg.org/ltc/terms/hasIdentifier,LatimerCoreScheme,Has Identifier,rdf property,http://www.w3.org/2004/02/skos/core#broadMatch,broadMatch,http://purl.org/dc/terms/relation,DCMI Metadata Terms,Relation,rdf property,LtC applies constraints to the subject and object classes of the relation.,,https://creativecommons.org/publicdomain/zero/1.0/,22/06/2023,https://orcid.org/0000-0001-6496-1423,Matt Woodburn,,,https://orcid.org/0000-0001-6496-1423,Matt Woodburn
http://rs.tdwg.org/ltc/terms/hasObjectGroup,LatimerCoreScheme,Has Object Group,rdf property,http://www.w3.org/2004/02/skos/core#broadMatch,broadMatch,http://purl.org/dc/terms/relation,DCMI Metadata Terms,Relation,rdf property,LtC applies constraints to the subject and object classes of the relation.,,https://creativecommons.org/publicdomain/zero/1.0/,22/06/2023,https://orcid.org/0000-0001-6496-1423,Matt Woodburn,,,https://orcid.org/0000-0001-6496-1423,Matt Woodburn
http://rs.tdwg.org/ltc/terms/hasReference,LatimerCoreScheme,Has Reference,rdf property,http://www.w3.org/2004/02/skos/core#broadMatch,broadMatch,http://purl.org/dc/terms/relation,DCMI Metadata Terms,Relation,rdf property,LtC applies constraints to the subject and object classes of the relation.,,https://creativecommons.org/publicdomain/zero/1.0/,22/06/2023,https://orcid.org/0000-0001-6496-1423,Matt Woodburn,,,https://orcid.org/0000-0001-6496-1423,Matt Woodburn
http://rs.tdwg.org/ltc/terms/hasSchemeMeasurementOrFact,LatimerCoreScheme,Has Scheme Measurement Or Fact,rdf property,http://www.w3.org/2004/02/skos/core#broadMatch,broadMatch,http://purl.org/dc/terms/relation,DCMI Metadata Terms,Relation,rdf property,LtC applies constraints to the subject and object classes of the relation.,,https://creativecommons.org/publicdomain/zero/1.0/,22/06/2023,https://orcid.org/0000-0001-6496-1423,Matt Woodburn,,,https://orcid.org/0000-0001-6496-1423,Matt Woodburn
http://rs.tdwg.org/ltc/terms/hasSchemeTerm,LatimerCoreScheme,Has Scheme Term,rdf property,http://www.w3.org/2004/02/skos/core#broadMatch,broadMatch,http://purl.org/dc/terms/relation,DCMI Metadata Terms,Relation,rdf property,LtC applies constraints to the subject and object classes of the relation.,,https://creativecommons.org/publicdomain/zero/1.0/,22/06/2023,https://orcid.org/0000-0001-6496-1423,Matt Woodburn,,,https://orcid.org/0000-0001-6496-1423,Matt Woodburn
http://rs.tdwg.org/ltc/terms/schemeName,LatimerCoreScheme,Scheme Name,rdf property,http://www.w3.org/2004/02/skos/core#broadMatch,broadMatch,http://purl.org/dc/terms/title,DCMI Metadata Terms,Title,rdf property,LtC narrows scope to the title of a Latimer Core Scheme.,,https://creativecommons.org/publicdomain/zero/1.0/,22/06/2023,https://orcid.org/0000-0001-6496-1423,Matt Woodburn,,,https://orcid.org/0000-0001-6496-1423,Matt Woodburn
http://rs.tdwg.org/ltc/terms/MeasurementOrFact,MeasurementOrFact,Measurement or Fact,rdfs class,http://www.w3.org/2004/02/skos/core#closeMatch,closeMatch,http://rs.tdwg.org/dwc/terms/MeasurementOrFact,MeasurementOrFact,Measurement or Fact,rdfs class,,,https://creativecommons.org/publicdomain/zero/1.0/,22/06/2023,https://orcid.org/0000-0001-6496-1423,Matt Woodburn,,,https://orcid.org/0000-0001-6496-1423,Matt Woodburn
http://rs.tdwg.org/ltc/terms/hasIdentifier,MeasurementOrFact,Has Identifier,rdf property,http://www.w3.org/2004/02/skos/core#broadMatch,broadMatch,http://purl.org/dc/terms/relation,DCMI Metadata Terms,Relation,rdf property,LtC applies constraints to the subject and object classes of the relation.,,https://creativecommons.org/publicdomain/zero/1.0/,22/06/2023,https://orcid.org/0000-0001-6496-1423,Matt Woodburn,,,https://orcid.org/0000-0001-6496-1423,Matt Woodburn
http://rs.tdwg.org/ltc/terms/hasReference,MeasurementOrFact,Has Reference,rdf property,http://www.w3.org/2004/02/skos/core#broadMatch,broadMatch,http://purl.org/dc/terms/relation,DCMI Metadata Terms,Relation,rdf property,LtC applies constraints to the subject and object classes of the relation.,,https://creativecommons.org/publicdomain/zero/1.0/,22/06/2023,https://orcid.org/0000-0001-6496-1423,Matt Woodburn,,,https://orcid.org/0000-0001-6496-1423,Matt Woodburn
http://rs.tdwg.org/dwc/terms/measurementAccuracy,MeasurementOrFact,Measurement Accuracy,rdf property,http://www.w3.org/2004/02/skos/core#exactMatch,exactMatch,http://rs.tdwg.org/dwc/terms/measurementAccuracy,MeasurementOrFact,Measurement Accuracy,rdf property,,,https://creativecommons.org/publicdomain/zero/1.0/,22/06/2023,https://orcid.org/0000-0001-6496-1423,Matt Woodburn,,,https://orcid.org/0000-0001-6496-1423,Matt Woodburn
http://rs.tdwg.org/dwc/terms/measurementMethod,MeasurementOrFact,Measurement Method,rdf property,http://www.w3.org/2004/02/skos/core#exactMatch,exactMatch,http://rs.tdwg.org/dwc/terms/measurementMethod,MeasurementOrFact,Measurement Method,rdf property,,,https://creativecommons.org/publicdomain/zero/1.0/,22/06/2023,https://orcid.org/0000-0001-6496-1423,Matt Woodburn,,,https://orcid.org/0000-0001-6496-1423,Matt Woodburn
http://rs.tdwg.org/dwc/terms/measurementRemarks,MeasurementOrFact,Measurement Remarks,rdf property,http://www.w3.org/2004/02/skos/core#exactMatch,exactMatch,http://rs.tdwg.org/dwc/terms/measurementRemarks,MeasurementOrFact,Measurement Remarks,rdf property,,,https://creativecommons.org/publicdomain/zero/1.0/,22/06/2023,https://orcid.org/0000-0001-6496-1423,Matt Woodburn,,,https://orcid.org/0000-0001-6496-1423,Matt Woodburn
http://rs.tdwg.org/dwc/terms/measurementType,MeasurementOrFact,Measurement Type,rdf property,http://www.w3.org/2004/02/skos/core#exactMatch,exactMatch,http://rs.tdwg.org/dwc/terms/measurementType,MeasurementOrFact,Measurement Type,rdf property,,,https://creativecommons.org/publicdomain/zero/1.0/,22/06/2023,https://orcid.org/0000-0001-6496-1423,Matt Woodburn,,,https://orcid.org/0000-0001-6496-1423,Matt Woodburn
http://rs.tdwg.org/dwc/terms/measurementUnit,MeasurementOrFact,Measurement Unit,rdf property,http://www.w3.org/2004/02/skos/core#exactMatch,exactMatch,http://rs.tdwg.org/dwc/terms/measurementUnit,MeasurementOrFact,Measurement Unit,rdf property,,,https://creativecommons.org/publicdomain/zero/1.0/,22/06/2023,https://orcid.org/0000-0001-6496-1423,Matt Woodburn,,,https://orcid.org/0000-0001-6496-1423,Matt Woodburn
http://rs.tdwg.org/dwc/terms/measurementValue,MeasurementOrFact,Measurement Value,rdf property,http://www.w3.org/2004/02/skos/core#broadMatch,broadMatch,http://rs.tdwg.org/dwc/terms/measurementValue,MeasurementOrFact,Measurement Value,rdf property,,,https://creativecommons.org/publicdomain/zero/1.0/,22/06/2023,https://orcid.org/0000-0001-6496-1423,Matt Woodburn,,,https://orcid.org/0000-0001-6496-1423,Matt Woodburn
http://rs.tdwg.org/ltc/terms/hasIdentifier,ObjectClassification,Has Identifier,rdf property,http://www.w3.org/2004/02/skos/core#broadMatch,broadMatch,http://purl.org/dc/terms/relation,DCMI Metadata Terms,Relation,rdf property,LtC applies constraints to the subject and object classes of the relation.,,https://creativecommons.org/publicdomain/zero/1.0/,22/06/2023,https://orcid.org/0000-0001-6496-1423,Matt Woodburn,,,https://orcid.org/0000-0001-6496-1423,Matt Woodburn
http://rs.tdwg.org/ltc/terms/hasMeasurementOrFact,ObjectClassification,Has Measurement Or Fact,rdf property,http://www.w3.org/2004/02/skos/core#broadMatch,broadMatch,http://purl.org/dc/terms/relation,DCMI Metadata Terms,Relation,rdf property,LtC applies constraints to the subject and object classes of the relation.,,https://creativecommons.org/publicdomain/zero/1.0/,22/06/2023,https://orcid.org/0000-0001-6496-1423,Matt Woodburn,,,https://orcid.org/0000-0001-6496-1423,Matt Woodburn
http://rs.tdwg.org/ltc/terms/hasObjectClassification,ObjectClassification,Has Object Classification,rdf property,http://www.w3.org/2004/02/skos/core#broadMatch,broadMatch,http://purl.org/dc/terms/relation,DCMI Metadata Terms,Relation,rdf property,LtC applies constraints to the subject and object classes of the relation.,,https://creativecommons.org/publicdomain/zero/1.0/,22/06/2023,https://orcid.org/0000-0001-6496-1423,Matt Woodburn,,,https://orcid.org/0000-0001-6496-1423,Matt Woodburn
http://rs.tdwg.org/ltc/terms/hasReference,ObjectClassification,Has Reference,rdf property,http://www.w3.org/2004/02/skos/core#broadMatch,broadMatch,http://purl.org/dc/terms/relation,DCMI Metadata Terms,Relation,rdf property,LtC applies constraints to the subject and object classes of the relation.,,https://creativecommons.org/publicdomain/zero/1.0/,22/06/2023,https://orcid.org/0000-0001-6496-1423,Matt Woodburn,,,https://orcid.org/0000-0001-6496-1423,Matt Woodburn
http://rs.tdwg.org/ltc/terms/objectClassificationName,ObjectClassification,Object Classification Name,rdf property,http://www.w3.org/2004/02/skos/core#broadMatch,broadMatch,http://purl.org/dc/terms/title,DCMI Metadata Terms,Title,rdf property,LtC narrows scope to an object classification title.,,https://creativecommons.org/publicdomain/zero/1.0/,22/06/2023,https://orcid.org/0000-0001-6496-1423,Matt Woodburn,,,https://orcid.org/0000-0001-6496-1423,Matt Woodburn
http://rs.tdwg.org/ltc/terms/ObjectGroup,ObjectGroup,Object Group,rdfs class,http://www.w3.org/2004/02/skos/core#broadMatch,broadMatch,http://purl.org/dc/dcmitype/Collection,DCMI Type Vocabulary,Collection,rdfs class,LtC narrows the scope of resources to natural science objects.,,https://creativecommons.org/publicdomain/zero/1.0/,22/06/2023,https://orcid.org/0000-0001-6496-1423,Matt Woodburn,,,https://orcid.org/0000-0001-6496-1423,Matt Woodburn
http://rs.tdwg.org/ltc/terms/alternativeCollectionName,ObjectGroup,Alternative Collection Name,rdf property,http://www.w3.org/2004/02/skos/core#broadMatch,broadMatch,http://purl.org/dc/terms/title,DCMI Metadata Terms,Title,rdf property,LtC narrows scope to the title of a collection.,,https://creativecommons.org/publicdomain/zero/1.0/,22/06/2023,https://orcid.org/0000-0001-6496-1423,Matt Woodburn,,,https://orcid.org/0000-0001-6496-1423,Matt Woodburn
http://rs.tdwg.org/ltc/terms/baseTypeOfObjectGroup,ObjectGroup,Base Type Of Object Group,rdf property,http://www.w3.org/2004/02/skos/core#broadMatch,broadMatch,http://purl.org/dc/terms/type,DCMI Metadata Terms,Type,rdf property,LtC term represents a more specific type of type.,,https://creativecommons.org/publicdomain/zero/1.0/,22/06/2023,https://orcid.org/0000-0001-6496-1423,Matt Woodburn,,,https://orcid.org/0000-0001-6496-1423,Matt Woodburn
http://rs.tdwg.org/ltc/terms/collectionManagementSystem,ObjectGroup,Collection Management System,rdf property,http://www.w3.org/2004/02/skos/core#broadMatch,broadMatch,http://www.w3.org/ns/prov#SoftwareAgent,Agent,,rdfs class,LtC term represents a more specific type of software agent.,,https://creativecommons.org/publicdomain/zero/1.0/,22/06/2023,https://orcid.org/0000-0001-6496-1423,Matt Woodburn,,,https://orcid.org/0000-0001-6496-1423,Matt Woodburn
http://rs.tdwg.org/ltc/terms/collectionName,ObjectGroup,Collection Name,rdf property,http://www.w3.org/2004/02/skos/core#broadMatch,broadMatch,http://purl.org/dc/terms/title,DCMI Metadata Terms,Title,rdf property,LtC narrows scope to the title of a collection.,,https://creativecommons.org/publicdomain/zero/1.0/,22/06/2023,https://orcid.org/0000-0001-6496-1423,Matt Woodburn,,,https://orcid.org/0000-0001-6496-1423,Matt Woodburn
http://rs.tdwg.org/dwc/terms/degreeOfEstablishment,ObjectGroup,Degree of Establishment,rdf property,http://www.w3.org/2004/02/skos/core#exactMatch,exactMatch,http://rs.tdwg.org/dwc/terms/degreeOfEstablishment,Occurrence,Degree of Establishment,rdf property,,,https://creativecommons.org/publicdomain/zero/1.0/,22/06/2023,https://orcid.org/0000-0001-6496-1423,Matt Woodburn,,,https://orcid.org/0000-0001-6496-1423,Matt Woodburn
http://rs.tdwg.org/ltc/terms/description,ObjectGroup,Description,rdf property,http://www.w3.org/2004/02/skos/core#broadMatch,broadMatch,http://purl.org/dc/terms/description,DCMI Metadata Terms,Description,rdf property,LtC narrows scope of resources described to ObjectGroups.,,https://creativecommons.org/publicdomain/zero/1.0/,22/06/2023,https://orcid.org/0000-0001-6496-1423,Matt Woodburn,,,https://orcid.org/0000-0001-6496-1423,Matt Woodburn
http://rs.tdwg.org/ltc/terms/hasChronometricAge,ObjectGroup,Has Chronometric Age,rdf property,http://www.w3.org/2004/02/skos/core#broadMatch,broadMatch,http://purl.org/dc/terms/relation,DCMI Metadata Terms,Relation,rdf property,LtC applies constraints to the subject and object classes of the relation.,,https://creativecommons.org/publicdomain/zero/1.0/,22/06/2023,https://orcid.org/0000-0001-6496-1423,Matt Woodburn,,,https://orcid.org/0000-0001-6496-1423,Matt Woodburn
http://rs.tdwg.org/ltc/terms/hasCollectionStatusHistory,ObjectGroup,Has Collection Status History,rdf property,http://www.w3.org/2004/02/skos/core#broadMatch,broadMatch,http://purl.org/dc/terms/relation,DCMI Metadata Terms,Relation,rdf property,LtC applies constraints to the subject and object classes of the relation.,,https://creativecommons.org/publicdomain/zero/1.0/,22/06/2023,https://orcid.org/0000-0001-6496-1423,Matt Woodburn,,,https://orcid.org/0000-0001-6496-1423,Matt Woodburn
http://rs.tdwg.org/ltc/terms/hasEcologicalContext,ObjectGroup,Has Ecological Context,rdf property,http://www.w3.org/2004/02/skos/core#broadMatch,broadMatch,http://purl.org/dc/terms/relation,DCMI Metadata Terms,Relation,rdf property,LtC applies constraints to the subject and object classes of the relation.,,https://creativecommons.org/publicdomain/zero/1.0/,22/06/2023,https://orcid.org/0000-0001-6496-1423,Matt Woodburn,,,https://orcid.org/0000-0001-6496-1423,Matt Woodburn
http://rs.tdwg.org/ltc/terms/hasEvent,ObjectGroup,Has Event,rdf property,http://www.w3.org/2004/02/skos/core#broadMatch,broadMatch,http://purl.org/dc/terms/relation,DCMI Metadata Terms,Relation,rdf property,LtC applies constraints to the subject and object classes of the relation.,,https://creativecommons.org/publicdomain/zero/1.0/,22/06/2023,https://orcid.org/0000-0001-6496-1423,Matt Woodburn,,,https://orcid.org/0000-0001-6496-1423,Matt Woodburn
http://rs.tdwg.org/ltc/terms/hasGeographicContext,ObjectGroup,Has Geographic Context,rdf property,http://www.w3.org/2004/02/skos/core#broadMatch,broadMatch,http://purl.org/dc/terms/relation,DCMI Metadata Terms,Relation,rdf property,LtC applies constraints to the subject and object classes of the relation.,,https://creativecommons.org/publicdomain/zero/1.0/,22/06/2023,https://orcid.org/0000-0001-6496-1423,Matt Woodburn,,,https://orcid.org/0000-0001-6496-1423,Matt Woodburn
http://rs.tdwg.org/ltc/terms/hasGeologicalContext,ObjectGroup,Has Geological Context,rdf property,http://www.w3.org/2004/02/skos/core#broadMatch,broadMatch,http://purl.org/dc/terms/relation,DCMI Metadata Terms,Relation,rdf property,LtC applies constraints to the subject and object classes of the relation.,,https://creativecommons.org/publicdomain/zero/1.0/,22/06/2023,https://orcid.org/0000-0001-6496-1423,Matt Woodburn,,,https://orcid.org/0000-0001-6496-1423,Matt Woodburn
http://rs.tdwg.org/ltc/terms/hasIdentifier,ObjectGroup,Has Identifier,rdf property,http://www.w3.org/2004/02/skos/core#broadMatch,broadMatch,http://purl.org/dc/terms/relation,DCMI Metadata Terms,Relation,rdf property,LtC applies constraints to the subject and object classes of the relation.,,https://creativecommons.org/publicdomain/zero/1.0/,22/06/2023,https://orcid.org/0000-0001-6496-1423,Matt Woodburn,,,https://orcid.org/0000-0001-6496-1423,Matt Woodburn
http://rs.tdwg.org/ltc/terms/hasMeasurementOrFact,ObjectGroup,Has Measurement Or Fact,rdf property,http://www.w3.org/2004/02/skos/core#broadMatch,broadMatch,http://purl.org/dc/terms/relation,DCMI Metadata Terms,Relation,rdf property,LtC applies constraints to the subject and object classes of the relation.,,https://creativecommons.org/publicdomain/zero/1.0/,22/06/2023,https://orcid.org/0000-0001-6496-1423,Matt Woodburn,,,https://orcid.org/0000-0001-6496-1423,Matt Woodburn
http://rs.tdwg.org/ltc/terms/hasObjectClassification,ObjectGroup,Has Object Classification,rdf property,http://www.w3.org/2004/02/skos/core#broadMatch,broadMatch,http://purl.org/dc/terms/relation,DCMI Metadata Terms,Relation,rdf property,LtC applies constraints to the subject and object classes of the relation.,,https://creativecommons.org/publicdomain/zero/1.0/,22/06/2023,https://orcid.org/0000-0001-6496-1423,Matt Woodburn,,,https://orcid.org/0000-0001-6496-1423,Matt Woodburn
http://rs.tdwg.org/ltc/terms/hasOrganisationalUnit,ObjectGroup,Has Organisational Unit,rdf property,http://www.w3.org/2004/02/skos/core#broadMatch,broadMatch,http://purl.org/dc/terms/relation,DCMI Metadata Terms,Relation,rdf property,LtC applies constraints to the subject and object classes of the relation.,,https://creativecommons.org/publicdomain/zero/1.0/,22/06/2023,https://orcid.org/0000-0001-6496-1423,Matt Woodburn,,,https://orcid.org/0000-0001-6496-1423,Matt Woodburn
http://rs.tdwg.org/ltc/terms/hasPersonRole,ObjectGroup,Has Person Role,rdf property,http://www.w3.org/2004/02/skos/core#broadMatch,broadMatch,http://purl.org/dc/terms/relation,DCMI Metadata Terms,Relation,rdf property,LtC applies constraints to the subject and object classes of the relation.,,https://creativecommons.org/publicdomain/zero/1.0/,22/06/2023,https://orcid.org/0000-0001-6496-1423,Matt Woodburn,,,https://orcid.org/0000-0001-6496-1423,Matt Woodburn
http://rs.tdwg.org/ltc/terms/hasReference,ObjectGroup,Has Reference,rdf property,http://www.w3.org/2004/02/skos/core#broadMatch,broadMatch,http://purl.org/dc/terms/relation,DCMI Metadata Terms,Relation,rdf property,LtC applies constraints to the subject and object classes of the relation.,,https://creativecommons.org/publicdomain/zero/1.0/,22/06/2023,https://orcid.org/0000-0001-6496-1423,Matt Woodburn,,,https://orcid.org/0000-0001-6496-1423,Matt Woodburn
http://rs.tdwg.org/ltc/terms/hasResourceRelationship,ObjectGroup,Has Resource Relationship,rdf property,http://www.w3.org/2004/02/skos/core#broadMatch,broadMatch,http://purl.org/dc/terms/relation,DCMI Metadata Terms,Relation,rdf property,LtC applies constraints to the subject and object classes of the relation.,,https://creativecommons.org/publicdomain/zero/1.0/,22/06/2023,https://orcid.org/0000-0001-6496-1423,Matt Woodburn,,,https://orcid.org/0000-0001-6496-1423,Matt Woodburn
http://rs.tdwg.org/ltc/terms/hasStorageLocation,ObjectGroup,Has Storage Location,rdf property,http://www.w3.org/2004/02/skos/core#broadMatch,broadMatch,http://purl.org/dc/terms/relation,DCMI Metadata Terms,Relation,rdf property,LtC applies constraints to the subject and object classes of the relation.,,https://creativecommons.org/publicdomain/zero/1.0/,22/06/2023,https://orcid.org/0000-0001-6496-1423,Matt Woodburn,,,https://orcid.org/0000-0001-6496-1423,Matt Woodburn
http://rs.tdwg.org/ltc/terms/hasTaxon,ObjectGroup,Has Taxon,rdf property,http://www.w3.org/2004/02/skos/core#broadMatch,broadMatch,http://purl.org/dc/terms/relation,DCMI Metadata Terms,Relation,rdf property,LtC applies constraints to the subject and object classes of the relation.,,https://creativecommons.org/publicdomain/zero/1.0/,22/06/2023,https://orcid.org/0000-0001-6496-1423,Matt Woodburn,,,https://orcid.org/0000-0001-6496-1423,Matt Woodburn
http://rs.tdwg.org/ltc/terms/material,ObjectGroup,Material,rdf property,http://www.w3.org/2004/02/skos/core#relatedMatch,relatedMatch,https://www.cidoc-crm.org/Entity/e57-material/version-7.1.1,E55 Type,,rdfs class,"Concepts align, but part of a more complex relational model in CIDOC-CRM.",,https://creativecommons.org/publicdomain/zero/1.0/,22/06/2023,https://orcid.org/0000-0001-6496-1423,Matt Woodburn,,,https://orcid.org/0000-0001-6496-1423,Matt Woodburn
http://rs.tdwg.org/ltc/terms/objectType,ObjectGroup,Object Type,rdf property,http://www.w3.org/2004/02/skos/core#closeMatch,closeMatch,http://rs.tdwg.org/abcd/terms/kindOfUnit,Unit,Kind Of Unit,rdf property,"Concepts closely aligned, but ABCD structural considerations prevents exactMatch.",,https://creativecommons.org/publicdomain/zero/1.0/,22/06/2023,https://orcid.org/0000-0001-6496-1423,Matt Woodburn,,,https://orcid.org/0000-0001-6496-1423,Matt Woodburn
http://rs.tdwg.org/ltc/terms/period,ObjectGroup,Period,rdf property,http://www.w3.org/2004/02/skos/core#closeMatch,closeMatch,https://www.cidoc-crm.org/Entity/e4-period/version-6.2,E2 Temporal Entity,,rdfs class,"Concepts align, but part of a more complex relational model in CIDOC-CRM.",,https://creativecommons.org/publicdomain/zero/1.0/,22/06/2023,https://orcid.org/0000-0001-6496-1423,Matt Woodburn,,,https://orcid.org/0000-0001-6496-1423,Matt Woodburn
http://rs.tdwg.org/ltc/terms/preparationType,ObjectGroup,Preparation Type,rdf property,http://www.w3.org/2004/02/skos/core#closeMatch,closeMatch,http://rs.tdwg.org/abcd/terms/PreparationType,Specimen Unit,Preparation Type,rdf property,"Concepts closely aligned, but ABCD structural considerations prevents exactMatch.",,https://creativecommons.org/publicdomain/zero/1.0/,22/06/2023,https://orcid.org/0000-0001-6496-1423,Matt Woodburn,,,https://orcid.org/0000-0001-6496-1423,Matt Woodburn
http://rs.tdwg.org/ltc/terms/preservationMethod,ObjectGroup,Preservation Method,rdf property,http://www.w3.org/2004/02/skos/core#closeMatch,closeMatch,http://rs.tdwg.org/abcd/terms/PreservationType,Specimen Unit,Preservation Type,rdf property,"Concepts closely aligned, but ABCD structural considerations prevents exactMatch.",,https://creativecommons.org/publicdomain/zero/1.0/,22/06/2023,https://orcid.org/0000-0001-6496-1423,Matt Woodburn,,,https://orcid.org/0000-0001-6496-1423,Matt Woodburn
http://rs.tdwg.org/ltc/terms/preservationMode,ObjectGroup,Preservation Mode,rdf property,http://www.w3.org/2004/02/skos/core#closeMatch,closeMatch,http://www.synthesys.info/ABCDEFG/1.0/PreservationMode,PalaeontologicalUnitType,Preservation Mode,rdfs class,"Concepts align closely, but ABCD-EFG is a more complex class.",,https://creativecommons.org/publicdomain/zero/1.0/,22/06/2023,https://orcid.org/0000-0001-6496-1423,Matt Woodburn,,,https://orcid.org/0000-0001-6496-1423,Matt Woodburn
http://rs.tdwg.org/ltc/terms/typeOfObjectGroup,ObjectGroup,Type Of Object Group,rdf property,http://www.w3.org/2004/02/skos/core#broadMatch,broadMatch,http://purl.org/dc/terms/type,DCMI Metadata Terms,Type,rdf property,LtC term represents a more specific type of type.,,https://creativecommons.org/publicdomain/zero/1.0/,22/06/2023,https://orcid.org/0000-0001-6496-1423,Matt Woodburn,,,https://orcid.org/0000-0001-6496-1423,Matt Woodburn
http://rs.tdwg.org/ltc/terms/OrganisationalUnit,OrganisationalUnit,Organisational Unit,rdfs class,http://www.w3.org/2004/02/skos/core#narrowMatch,narrowMatch,http://www.w3.org/ns/org#Organization,Agent,Organization,rdfs class,LtC OrganisationalUnit class incorporates both the org:Organization and org:OrganizationalUnit concepts.,,https://creativecommons.org/publicdomain/zero/1.0/,22/06/2023,https://orcid.org/0000-0001-6496-1423,Matt Woodburn,,,https://orcid.org/0000-0001-6496-1423,Matt Woodburn
http://rs.tdwg.org/ltc/terms/OrganisationalUnit,OrganisationalUnit,Organisational Unit,rdfs class,http://www.w3.org/2004/02/skos/core#narrowMatch,narrowMatch,http://www.w3.org/ns/org#OrganizationalUnit,Organization,OrganizationalUnit,rdfs class,,,https://creativecommons.org/publicdomain/zero/1.0/,22/06/2023,https://orcid.org/0000-0001-6496-1423,Matt Woodburn,,,https://orcid.org/0000-0001-6496-1423,Matt Woodburn
http://rs.tdwg.org/ltc/terms/hasAddress,OrganisationalUnit,Has Address,rdf property,http://www.w3.org/2004/02/skos/core#broadMatch,broadMatch,http://purl.org/dc/terms/relation,DCMI Metadata Terms,Relation,rdf property,LtC applies constraints to the subject and object classes of the relation.,,https://creativecommons.org/publicdomain/zero/1.0/,22/06/2023,https://orcid.org/0000-0001-6496-1423,Matt Woodburn,,,https://orcid.org/0000-0001-6496-1423,Matt Woodburn
http://rs.tdwg.org/ltc/terms/hasContactDetail,OrganisationalUnit,Has Contact Detail,rdf property,http://www.w3.org/2004/02/skos/core#broadMatch,broadMatch,http://purl.org/dc/terms/relation,DCMI Metadata Terms,Relation,rdf property,LtC applies constraints to the subject and object classes of the relation.,,https://creativecommons.org/publicdomain/zero/1.0/,22/06/2023,https://orcid.org/0000-0001-6496-1423,Matt Woodburn,,,https://orcid.org/0000-0001-6496-1423,Matt Woodburn
http://rs.tdwg.org/ltc/terms/hasIdentifier,OrganisationalUnit,Has Identifier,rdf property,http://www.w3.org/2004/02/skos/core#broadMatch,broadMatch,http://purl.org/dc/terms/relation,DCMI Metadata Terms,Relation,rdf property,LtC applies constraints to the subject and object classes of the relation.,,https://creativecommons.org/publicdomain/zero/1.0/,22/06/2023,https://orcid.org/0000-0001-6496-1423,Matt Woodburn,,,https://orcid.org/0000-0001-6496-1423,Matt Woodburn
http://rs.tdwg.org/ltc/terms/hasMeasurementOrFact,OrganisationalUnit,Has Measurement Or Fact,rdf property,http://www.w3.org/2004/02/skos/core#broadMatch,broadMatch,http://purl.org/dc/terms/relation,DCMI Metadata Terms,Relation,rdf property,LtC applies constraints to the subject and object classes of the relation.,,https://creativecommons.org/publicdomain/zero/1.0/,22/06/2023,https://orcid.org/0000-0001-6496-1423,Matt Woodburn,,,https://orcid.org/0000-0001-6496-1423,Matt Woodburn
http://rs.tdwg.org/ltc/terms/hasParentOrganisationalUnit,OrganisationalUnit,Has Parent Organisational Unit,rdf property,http://www.w3.org/2004/02/skos/core#broadMatch,broadMatch,http://purl.org/dc/terms/relation,DCMI Metadata Terms,Relation,rdf property,LtC applies constraints to the subject and object classes of the relation.,,https://creativecommons.org/publicdomain/zero/1.0/,22/06/2023,https://orcid.org/0000-0001-6496-1423,Matt Woodburn,,,https://orcid.org/0000-0001-6496-1423,Matt Woodburn
http://rs.tdwg.org/ltc/terms/hasPersonRole,OrganisationalUnit,Has Person Role,rdf property,http://www.w3.org/2004/02/skos/core#broadMatch,broadMatch,http://purl.org/dc/terms/relation,DCMI Metadata Terms,Relation,rdf property,LtC applies constraints to the subject and object classes of the relation.,,https://creativecommons.org/publicdomain/zero/1.0/,22/06/2023,https://orcid.org/0000-0001-6496-1423,Matt Woodburn,,,https://orcid.org/0000-0001-6496-1423,Matt Woodburn
http://rs.tdwg.org/ltc/terms/hasReference,OrganisationalUnit,Has Reference,rdf property,http://www.w3.org/2004/02/skos/core#broadMatch,broadMatch,http://purl.org/dc/terms/relation,DCMI Metadata Terms,Relation,rdf property,LtC applies constraints to the subject and object classes of the relation.,,https://creativecommons.org/publicdomain/zero/1.0/,22/06/2023,https://orcid.org/0000-0001-6496-1423,Matt Woodburn,,,https://orcid.org/0000-0001-6496-1423,Matt Woodburn
http://rs.tdwg.org/ltc/terms/organisationalUnitName,OrganisationalUnit,Organisational Unit Name,rdf property,http://www.w3.org/2004/02/skos/core#broadMatch,broadMatch,http://purl.org/dc/terms/title,DCMI Metadata Terms,Title,rdf property,LtC narrows scope to an organisational unit title.,,https://creativecommons.org/publicdomain/zero/1.0/,22/06/2023,https://orcid.org/0000-0001-6496-1423,Matt Woodburn,,,https://orcid.org/0000-0001-6496-1423,Matt Woodburn
http://rs.tdwg.org/ltc/terms/organisationalUnitType,OrganisationalUnit,Organisational Unit Type,rdf property,http://www.w3.org/2004/02/skos/core#broadMatch,broadMatch,http://purl.org/dc/terms/type,DCMI Metadata Terms,Type,rdf property,LtC term represents a more specific type of type.,,https://creativecommons.org/publicdomain/zero/1.0/,22/06/2023,https://orcid.org/0000-0001-6496-1423,Matt Woodburn,,,https://orcid.org/0000-0001-6496-1423,Matt Woodburn
http://rs.tdwg.org/ltc/terms/Person,Person,Person,rdfs class,http://www.w3.org/2004/02/skos/core#closeMatch,closeMatch,http://www.w3.org/ns/prov#Person,Agent,,rdfs class,"Concepts align closely, but PROV ontology structural considerations prevent exactMatch.",,https://creativecommons.org/publicdomain/zero/1.0/,22/06/2023,https://orcid.org/0000-0001-6496-1423,Matt Woodburn,,,https://orcid.org/0000-0001-6496-1423,Matt Woodburn
https://schema.org/additionalName,Person,Additional Name,rdf property,http://www.w3.org/2004/02/skos/core#exactMatch,exactMatch,https://schema.org/additionalName,Person,,rdf property,,,https://creativecommons.org/publicdomain/zero/1.0/,22/06/2023,https://orcid.org/0000-0001-6496-1423,Matt Woodburn,,,https://orcid.org/0000-0001-6496-1423,Matt Woodburn
https://schema.org/familyName,Person,Family Name,rdf property,http://www.w3.org/2004/02/skos/core#exactMatch,exactMatch,https://schema.org/familyName,Person,,rdf property,,,https://creativecommons.org/publicdomain/zero/1.0/,22/06/2023,https://orcid.org/0000-0001-6496-1423,Matt Woodburn,,,https://orcid.org/0000-0001-6496-1423,Matt Woodburn
http://rs.tdwg.org/abcd/terms/fullName,Person,Full Name,rdf property,http://www.w3.org/2004/02/skos/core#exactMatch,exactMatch,http://rs.tdwg.org/abcd/terms/fullName,Contact,Full Name,rdf property,,,https://creativecommons.org/publicdomain/zero/1.0/,22/06/2023,https://orcid.org/0000-0001-6496-1423,Matt Woodburn,,,https://orcid.org/0000-0001-6496-1423,Matt Woodburn
https://schema.org/givenName,Person,Given Name,rdf property,http://www.w3.org/2004/02/skos/core#exactMatch,exactMatch,https://schema.org/givenName,Person,,rdf property,,,https://creativecommons.org/publicdomain/zero/1.0/,22/06/2023,https://orcid.org/0000-0001-6496-1423,Matt Woodburn,,,https://orcid.org/0000-0001-6496-1423,Matt Woodburn
http://rs.tdwg.org/ltc/terms/hasAddress,Person,Has Address,rdf property,http://www.w3.org/2004/02/skos/core#broadMatch,broadMatch,http://purl.org/dc/terms/relation,DCMI Metadata Terms,Relation,rdf property,LtC applies constraints to the subject and object classes of the relation.,,https://creativecommons.org/publicdomain/zero/1.0/,22/06/2023,https://orcid.org/0000-0001-6496-1423,Matt Woodburn,,,https://orcid.org/0000-0001-6496-1423,Matt Woodburn
http://rs.tdwg.org/ltc/terms/hasContactDetail,Person,Has Contact Detail,rdf property,http://www.w3.org/2004/02/skos/core#broadMatch,broadMatch,http://purl.org/dc/terms/relation,DCMI Metadata Terms,Relation,rdf property,LtC applies constraints to the subject and object classes of the relation.,,https://creativecommons.org/publicdomain/zero/1.0/,22/06/2023,https://orcid.org/0000-0001-6496-1423,Matt Woodburn,,,https://orcid.org/0000-0001-6496-1423,Matt Woodburn
http://rs.tdwg.org/ltc/terms/hasIdentifier,Person,Has Identifier,rdf property,http://www.w3.org/2004/02/skos/core#broadMatch,broadMatch,http://purl.org/dc/terms/relation,DCMI Metadata Terms,Relation,rdf property,LtC applies constraints to the subject and object classes of the relation.,,https://creativecommons.org/publicdomain/zero/1.0/,22/06/2023,https://orcid.org/0000-0001-6496-1423,Matt Woodburn,,,https://orcid.org/0000-0001-6496-1423,Matt Woodburn
http://rs.tdwg.org/ltc/terms/hasMeasurementOrFact,Person,Has Measurement Or Fact,rdf property,http://www.w3.org/2004/02/skos/core#broadMatch,broadMatch,http://purl.org/dc/terms/relation,DCMI Metadata Terms,Relation,rdf property,LtC applies constraints to the subject and object classes of the relation.,,https://creativecommons.org/publicdomain/zero/1.0/,22/06/2023,https://orcid.org/0000-0001-6496-1423,Matt Woodburn,,,https://orcid.org/0000-0001-6496-1423,Matt Woodburn
http://rs.tdwg.org/ltc/terms/hasReference,Person,Has Reference,rdf property,http://www.w3.org/2004/02/skos/core#broadMatch,broadMatch,http://purl.org/dc/terms/relation,DCMI Metadata Terms,Relation,rdf property,LtC applies constraints to the subject and object classes of the relation.,,https://creativecommons.org/publicdomain/zero/1.0/,22/06/2023,https://orcid.org/0000-0001-6496-1423,Matt Woodburn,,,https://orcid.org/0000-0001-6496-1423,Matt Woodburn
http://rs.tdwg.org/ltc/terms/PersonRole,PersonRole,Person Role,rdfs class,http://www.w3.org/2004/02/skos/core#broadMatch,broadMatch,http://www.w3.org/ns/prov#qualifiedAttribution,Entity,,rdf property,"LtC aligns closely with PROV model on this term, but constrains to relationships with people rather than all agent types.",,https://creativecommons.org/publicdomain/zero/1.0/,22/06/2023,https://orcid.org/0000-0001-6496-1423,Matt Woodburn,,,https://orcid.org/0000-0001-6496-1423,Matt Woodburn
http://rs.tdwg.org/ltc/terms/hasAddress,PersonRole,Has Address,rdf property,http://www.w3.org/2004/02/skos/core#broadMatch,broadMatch,http://purl.org/dc/terms/relation,DCMI Metadata Terms,Relation,rdf property,LtC applies constraints to the subject and object classes of the relation.,,https://creativecommons.org/publicdomain/zero/1.0/,22/06/2023,https://orcid.org/0000-0001-6496-1423,Matt Woodburn,,,https://orcid.org/0000-0001-6496-1423,Matt Woodburn
http://rs.tdwg.org/ltc/terms/hasContactDetail,PersonRole,Has Contact Detail,rdf property,http://www.w3.org/2004/02/skos/core#broadMatch,broadMatch,http://purl.org/dc/terms/relation,DCMI Metadata Terms,Relation,rdf property,LtC applies constraints to the subject and object classes of the relation.,,https://creativecommons.org/publicdomain/zero/1.0/,22/06/2023,https://orcid.org/0000-0001-6496-1423,Matt Woodburn,,,https://orcid.org/0000-0001-6496-1423,Matt Woodburn
http://rs.tdwg.org/ltc/terms/hasIdentifier,PersonRole,Has Identifier,rdf property,http://www.w3.org/2004/02/skos/core#broadMatch,broadMatch,http://purl.org/dc/terms/relation,DCMI Metadata Terms,Relation,rdf property,LtC applies constraints to the subject and object classes of the relation.,,https://creativecommons.org/publicdomain/zero/1.0/,22/06/2023,https://orcid.org/0000-0001-6496-1423,Matt Woodburn,,,https://orcid.org/0000-0001-6496-1423,Matt Woodburn
http://rs.tdwg.org/ltc/terms/hasMeasurementOrFact,PersonRole,Has Measurement Or Fact,rdf property,http://www.w3.org/2004/02/skos/core#broadMatch,broadMatch,http://purl.org/dc/terms/relation,DCMI Metadata Terms,Relation,rdf property,LtC applies constraints to the subject and object classes of the relation.,,https://creativecommons.org/publicdomain/zero/1.0/,22/06/2023,https://orcid.org/0000-0001-6496-1423,Matt Woodburn,,,https://orcid.org/0000-0001-6496-1423,Matt Woodburn
http://rs.tdwg.org/ltc/terms/hasPerson,PersonRole,Has Person,rdf property,http://www.w3.org/2004/02/skos/core#broadMatch,broadMatch,http://purl.org/dc/terms/relation,DCMI Metadata Terms,Relation,rdf property,LtC applies constraints to the subject and object classes of the relation.,,https://creativecommons.org/publicdomain/zero/1.0/,22/06/2023,https://orcid.org/0000-0001-6496-1423,Matt Woodburn,,,https://orcid.org/0000-0001-6496-1423,Matt Woodburn
http://rs.tdwg.org/ltc/terms/hasReference,PersonRole,Has Reference,rdf property,http://www.w3.org/2004/02/skos/core#broadMatch,broadMatch,http://purl.org/dc/terms/relation,DCMI Metadata Terms,Relation,rdf property,LtC applies constraints to the subject and object classes of the relation.,,https://creativecommons.org/publicdomain/zero/1.0/,22/06/2023,https://orcid.org/0000-0001-6496-1423,Matt Woodburn,,,https://orcid.org/0000-0001-6496-1423,Matt Woodburn
http://rs.tdwg.org/ltc/terms/hasRole,PersonRole,Has Role,rdf property,http://www.w3.org/2004/02/skos/core#broadMatch,broadMatch,http://purl.org/dc/terms/relation,DCMI Metadata Terms,Relation,rdf property,LtC applies constraints to the subject and object classes of the relation.,,https://creativecommons.org/publicdomain/zero/1.0/,22/06/2023,https://orcid.org/0000-0001-6496-1423,Matt Woodburn,,,https://orcid.org/0000-0001-6496-1423,Matt Woodburn
http://rs.tdwg.org/ltc/terms/hasTemporalCoverage,PersonRole,Has Temporal Coverage,rdf property,http://www.w3.org/2004/02/skos/core#broadMatch,broadMatch,http://purl.org/dc/terms/relation,DCMI Metadata Terms,Relation,rdf property,LtC applies constraints to the subject and object classes of the relation.,,https://creativecommons.org/publicdomain/zero/1.0/,22/06/2023,https://orcid.org/0000-0001-6496-1423,Matt Woodburn,,,https://orcid.org/0000-0001-6496-1423,Matt Woodburn
http://rs.tdwg.org/ltc/terms/hasIdentifier,RecordLevel,Has Identifier,rdf property,http://www.w3.org/2004/02/skos/core#broadMatch,broadMatch,http://purl.org/dc/terms/relation,DCMI Metadata Terms,Relation,rdf property,LtC applies constraints to the subject and object classes of the relation.,,https://creativecommons.org/publicdomain/zero/1.0/,22/06/2023,https://orcid.org/0000-0001-6496-1423,Matt Woodburn,,,https://orcid.org/0000-0001-6496-1423,Matt Woodburn
http://rs.tdwg.org/ltc/terms/hasObjectGroup,RecordLevel,Has Object Group,rdf property,http://www.w3.org/2004/02/skos/core#broadMatch,broadMatch,http://purl.org/dc/terms/relation,DCMI Metadata Terms,Relation,rdf property,LtC applies constraints to the subject and object classes of the relation.,,https://creativecommons.org/publicdomain/zero/1.0/,22/06/2023,https://orcid.org/0000-0001-6496-1423,Matt Woodburn,,,https://orcid.org/0000-0001-6496-1423,Matt Woodburn
http://rs.tdwg.org/ltc/terms/hasPersonRole,RecordLevel,Has Person Role,rdf property,http://www.w3.org/2004/02/skos/core#broadMatch,broadMatch,http://purl.org/dc/terms/relation,DCMI Metadata Terms,Relation,rdf property,LtC applies constraints to the subject and object classes of the relation.,,https://creativecommons.org/publicdomain/zero/1.0/,22/06/2023,https://orcid.org/0000-0001-6496-1423,Matt Woodburn,,,https://orcid.org/0000-0001-6496-1423,Matt Woodburn
http://rs.tdwg.org/ltc/terms/hasReference,RecordLevel,Has Reference,rdf property,http://www.w3.org/2004/02/skos/core#broadMatch,broadMatch,http://purl.org/dc/terms/relation,DCMI Metadata Terms,Relation,rdf property,LtC applies constraints to the subject and object classes of the relation.,,https://creativecommons.org/publicdomain/zero/1.0/,22/06/2023,https://orcid.org/0000-0001-6496-1423,Matt Woodburn,,,https://orcid.org/0000-0001-6496-1423,Matt Woodburn
http://rs.tdwg.org/ltc/terms/hasResourceRelationship,RecordLevel,Has Resource Relationship,rdf property,http://www.w3.org/2004/02/skos/core#broadMatch,broadMatch,http://purl.org/dc/terms/relation,DCMI Metadata Terms,Relation,rdf property,LtC applies constraints to the subject and object classes of the relation.,,https://creativecommons.org/publicdomain/zero/1.0/,22/06/2023,https://orcid.org/0000-0001-6496-1423,Matt Woodburn,,,https://orcid.org/0000-0001-6496-1423,Matt Woodburn
http://purl.org/dc/terms/license,RecordLevel,License,rdf property,http://www.w3.org/2004/02/skos/core#broadMatch,broadMatch,http://purl.org/dc/terms/license,DCMI Metadata Terms,License,rdf property,,,https://creativecommons.org/publicdomain/zero/1.0/,22/06/2023,https://orcid.org/0000-0001-6496-1423,Matt Woodburn,,,https://orcid.org/0000-0001-6496-1423,Matt Woodburn
http://purl.org/dc/terms/rights,RecordLevel,Rights,rdf property,http://www.w3.org/2004/02/skos/core#broadMatch,broadMatch,http://purl.org/dc/terms/rights,DCMI Metadata Terms,Rights,rdf property,,,https://creativecommons.org/publicdomain/zero/1.0/,22/06/2023,https://orcid.org/0000-0001-6496-1423,Matt Woodburn,,,https://orcid.org/0000-0001-6496-1423,Matt Woodburn
http://purl.org/dc/terms/rightsHolder,RecordLevel,Rights Holder,rdf property,http://www.w3.org/2004/02/skos/core#broadMatch,broadMatch,http://purl.org/dc/terms/rightsHolder,DCMI Metadata Terms,Rights Holder,rdf property,,,https://creativecommons.org/publicdomain/zero/1.0/,22/06/2023,https://orcid.org/0000-0001-6496-1423,Matt Woodburn,,,https://orcid.org/0000-0001-6496-1423,Matt Woodburn
http://rs.tdwg.org/ltc/terms/Reference,Reference,Reference,rdfs class,http://www.w3.org/2004/02/skos/core#narrowMatch,narrowMatch,http://rs.tdwg.org/abcd/terms/Reference,General,Reference,rdfs class,LtC broadens the concept to beyond just scientific references or citations.,,https://creativecommons.org/publicdomain/zero/1.0/,22/06/2023,https://orcid.org/0000-0001-6496-1423,Matt Woodburn,,,https://orcid.org/0000-0001-6496-1423,Matt Woodburn
http://rs.tdwg.org/ltc/terms/hasIdentifier,Reference,Has Identifier,rdf property,http://www.w3.org/2004/02/skos/core#broadMatch,broadMatch,http://purl.org/dc/terms/relation,DCMI Metadata Terms,Relation,rdf property,LtC applies constraints to the subject and object classes of the relation.,,https://creativecommons.org/publicdomain/zero/1.0/,22/06/2023,https://orcid.org/0000-0001-6496-1423,Matt Woodburn,,,https://orcid.org/0000-0001-6496-1423,Matt Woodburn
http://rs.tdwg.org/ltc/terms/referenceDetails,Reference,Reference Details,rdf property,http://www.w3.org/2004/02/skos/core#broadMatch,broadMatch,http://rs.tdwg.org/abcd/terms/details,General,Details,rdf property,LtC constrains the property to details of a reference.,,https://creativecommons.org/publicdomain/zero/1.0/,22/06/2023,https://orcid.org/0000-0001-6496-1423,Matt Woodburn,,,https://orcid.org/0000-0001-6496-1423,Matt Woodburn
http://rs.tdwg.org/ltc/terms/referenceName,Reference,Reference Name,rdf property,http://www.w3.org/2004/02/skos/core#broadMatch,broadMatch,http://purl.org/dc/terms/title,DCMI Metadata Terms,Title,rdf property,LtC narrows scope to a reference title.,,https://creativecommons.org/publicdomain/zero/1.0/,22/06/2023,https://orcid.org/0000-0001-6496-1423,Matt Woodburn,,,https://orcid.org/0000-0001-6496-1423,Matt Woodburn
http://rs.tdwg.org/ltc/terms/referenceType,Reference,Reference Type,rdf property,http://www.w3.org/2004/02/skos/core#broadMatch,broadMatch,http://purl.org/dc/terms/type,DCMI Metadata Terms,Type,rdf property,LtC term represents a more specific type of type.,,https://creativecommons.org/publicdomain/zero/1.0/,22/06/2023,https://orcid.org/0000-0001-6496-1423,Matt Woodburn,,,https://orcid.org/0000-0001-6496-1423,Matt Woodburn
http://rs.tdwg.org/ltc/terms/resourceURI,Reference,Resource URI,rdf property,http://www.w3.org/2004/02/skos/core#broadMatch,broadMatch,http://rs.tdwg.org/abcd/terms/resourceURI,General,Resouce URI,rdf property,LtC term constrains the concept to a reference URI.,,https://creativecommons.org/publicdomain/zero/1.0/,22/06/2023,https://orcid.org/0000-0001-6496-1423,Matt Woodburn,,,https://orcid.org/0000-0001-6496-1423,Matt Woodburn
http://rs.tdwg.org/ltc/terms/ResourceRelationship,ResourceRelationship,Resource Relationship,rdfs class,http://www.w3.org/2004/02/skos/core#closeMatch,closeMatch,http://rs.tdwg.org/dwc/terms/ResourceRelationship,ResourceRelationship,Resource Relationship,rdfs class,"Concepts closely align, but LtC introduces additional terms.",,https://creativecommons.org/publicdomain/zero/1.0/,22/06/2023,https://orcid.org/0000-0001-6496-1423,Matt Woodburn,,,https://orcid.org/0000-0001-6496-1423,Matt Woodburn
http://rs.tdwg.org/ltc/terms/hasIdentifier,ResourceRelationship,Has Identifier,rdf property,http://www.w3.org/2004/02/skos/core#broadMatch,broadMatch,http://purl.org/dc/terms/relation,DCMI Metadata Terms,Relation,rdf property,LtC applies constraints to the subject and object classes of the relation.,,https://creativecommons.org/publicdomain/zero/1.0/,22/06/2023,https://orcid.org/0000-0001-6496-1423,Matt Woodburn,,,https://orcid.org/0000-0001-6496-1423,Matt Woodburn
http://rs.tdwg.org/ltc/terms/hasReference,ResourceRelationship,Has Reference,rdf property,http://www.w3.org/2004/02/skos/core#broadMatch,broadMatch,http://purl.org/dc/terms/relation,DCMI Metadata Terms,Relation,rdf property,LtC applies constraints to the subject and object classes of the relation.,,https://creativecommons.org/publicdomain/zero/1.0/,22/06/2023,https://orcid.org/0000-0001-6496-1423,Matt Woodburn,,,https://orcid.org/0000-0001-6496-1423,Matt Woodburn
http://rs.tdwg.org/dwc/terms/relatedResourceID,ResourceRelationship,Related Resource ID,rdf property,http://www.w3.org/2004/02/skos/core#exactMatch,exactMatch,http://rs.tdwg.org/dwc/terms/relatedResourceID,ResourceRelationship,Related Resource ID,rdf property,,,https://creativecommons.org/publicdomain/zero/1.0/,22/06/2023,https://orcid.org/0000-0001-6496-1423,Matt Woodburn,,,https://orcid.org/0000-0001-6496-1423,Matt Woodburn
http://rs.tdwg.org/ltc/terms/relatedResourceName,ResourceRelationship,Related Resource Name,rdf property,http://www.w3.org/2004/02/skos/core#broadMatch,broadMatch,http://purl.org/dc/terms/title,DCMI Metadata Terms,Title,rdf property,LtC narrows scope to the name of a related resource.,,https://creativecommons.org/publicdomain/zero/1.0/,22/06/2023,https://orcid.org/0000-0001-6496-1423,Matt Woodburn,,,https://orcid.org/0000-0001-6496-1423,Matt Woodburn
http://rs.tdwg.org/dwc/terms/relationshipAccordingTo,ResourceRelationship,Relationship According To,rdf property,http://www.w3.org/2004/02/skos/core#exactMatch,exactMatch,http://rs.tdwg.org/dwc/terms/relationshipAccordingTo,ResourceRelationship,Relationship According To,rdf property,,,https://creativecommons.org/publicdomain/zero/1.0/,22/06/2023,https://orcid.org/0000-0001-6496-1423,Matt Woodburn,,,https://orcid.org/0000-0001-6496-1423,Matt Woodburn
http://rs.tdwg.org/dwc/terms/relationshipEstablishedDate,ResourceRelationship,Relationship Established Date,rdf property,http://www.w3.org/2004/02/skos/core#exactMatch,exactMatch,http://rs.tdwg.org/dwc/terms/relationshipEstablishedDate,ResourceRelationship,Relationship Established Date,rdf property,,,https://creativecommons.org/publicdomain/zero/1.0/,22/06/2023,https://orcid.org/0000-0001-6496-1423,Matt Woodburn,,,https://orcid.org/0000-0001-6496-1423,Matt Woodburn
http://rs.tdwg.org/ltc/terms/relationshipOfResource,ResourceRelationship,Relationship Of Resource,rdf property,http://www.w3.org/2004/02/skos/core#closeMatch,closeMatch,http://rs.tdwg.org/dwc/terms/relationshipOfResource,ResourceRelationship,Relationship Of Resource,rdf property,LtC allows the use of a related resource name rather than requiring a related resource ID.,,https://creativecommons.org/publicdomain/zero/1.0/,22/06/2023,https://orcid.org/0000-0001-6496-1423,Matt Woodburn,,,https://orcid.org/0000-0001-6496-1423,Matt Woodburn
http://rs.tdwg.org/dwc/terms/relationshipRemarks,ResourceRelationship,Relationship Remarks,rdf property,http://www.w3.org/2004/02/skos/core#exactMatch,exactMatch,http://rs.tdwg.org/dwc/terms/relationshipRemarks,ResourceRelationship,Relationship Remarks,rdf property,,,https://creativecommons.org/publicdomain/zero/1.0/,22/06/2023,https://orcid.org/0000-0001-6496-1423,Matt Woodburn,,,https://orcid.org/0000-0001-6496-1423,Matt Woodburn
http://rs.tdwg.org/dwc/terms/resourceID,ResourceRelationship,Resource ID,rdf property,http://www.w3.org/2004/02/skos/core#exactMatch,exactMatch,http://rs.tdwg.org/dwc/terms/resourceID,ResourceRelationship,Resource ID,rdf property,,,https://creativecommons.org/publicdomain/zero/1.0/,22/06/2023,https://orcid.org/0000-0001-6496-1423,Matt Woodburn,,,https://orcid.org/0000-0001-6496-1423,Matt Woodburn
http://rs.tdwg.org/ltc/terms/Role,Role,Role,rdfs class,http://www.w3.org/2004/02/skos/core#broadMatch,broadMatch,http://www.w3.org/ns/prov#Role,PROV-O,,rdfs class,"Concepts are closely aligned, but LtC constrains scope to the person subtype of agents.",,https://creativecommons.org/publicdomain/zero/1.0/,22/06/2023,https://orcid.org/0000-0001-6496-1423,Matt Woodburn,,,https://orcid.org/0000-0001-6496-1423,Matt Woodburn
http://rs.tdwg.org/ltc/terms/hasIdentifier,Role,Has Identifier,rdf property,http://www.w3.org/2004/02/skos/core#broadMatch,broadMatch,http://purl.org/dc/terms/relation,DCMI Metadata Terms,Relation,rdf property,LtC applies constraints to the subject and object classes of the relation.,,https://creativecommons.org/publicdomain/zero/1.0/,22/06/2023,https://orcid.org/0000-0001-6496-1423,Matt Woodburn,,,https://orcid.org/0000-0001-6496-1423,Matt Woodburn
http://rs.tdwg.org/ltc/terms/roleName,Role,Role Name,rdf property,http://www.w3.org/2004/02/skos/core#broadMatch,broadMatch,http://purl.org/dc/terms/title,DCMI Metadata Terms,Title,rdf property,LtC narrows scope to a role title.,,https://creativecommons.org/publicdomain/zero/1.0/,22/06/2023,https://orcid.org/0000-0001-6496-1423,Matt Woodburn,,,https://orcid.org/0000-0001-6496-1423,Matt Woodburn
http://rs.tdwg.org/ltc/terms/hasIdentifier,SchemeMeasurementOrFact,Has Identifier,rdf property,http://www.w3.org/2004/02/skos/core#broadMatch,broadMatch,http://purl.org/dc/terms/relation,DCMI Metadata Terms,Relation,rdf property,LtC applies constraints to the subject and object classes of the relation.,,https://creativecommons.org/publicdomain/zero/1.0/,22/06/2023,https://orcid.org/0000-0001-6496-1423,Matt Woodburn,,,https://orcid.org/0000-0001-6496-1423,Matt Woodburn
http://rs.tdwg.org/ltc/terms/hasReference,SchemeMeasurementOrFact,Has Reference,rdf property,http://www.w3.org/2004/02/skos/core#broadMatch,broadMatch,http://purl.org/dc/terms/relation,DCMI Metadata Terms,Relation,rdf property,LtC applies constraints to the subject and object classes of the relation.,,https://creativecommons.org/publicdomain/zero/1.0/,22/06/2023,https://orcid.org/0000-0001-6496-1423,Matt Woodburn,,,https://orcid.org/0000-0001-6496-1423,Matt Woodburn
http://rs.tdwg.org/ltc/terms/schemeMeasurementType,SchemeMeasurementOrFact,Scheme Measurement Type,rdf property,http://www.w3.org/2004/02/skos/core#broadMatch,broadMatch,http://purl.org/dc/terms/type,DCMI Metadata Terms,Type,rdf property,LtC term represents a more specific type of type.,,https://creativecommons.org/publicdomain/zero/1.0/,22/06/2023,https://orcid.org/0000-0001-6496-1423,Matt Woodburn,,,https://orcid.org/0000-0001-6496-1423,Matt Woodburn
http://rs.tdwg.org/ltc/terms/hasIdentifier,SchemeTerm,Has Identifier,rdf property,http://www.w3.org/2004/02/skos/core#broadMatch,broadMatch,http://purl.org/dc/terms/relation,DCMI Metadata Terms,Relation,rdf property,LtC applies constraints to the subject and object classes of the relation.,,https://creativecommons.org/publicdomain/zero/1.0/,22/06/2023,https://orcid.org/0000-0001-6496-1423,Matt Woodburn,,,https://orcid.org/0000-0001-6496-1423,Matt Woodburn
http://rs.tdwg.org/ltc/terms/hasReference,SchemeTerm,Has Reference,rdf property,http://www.w3.org/2004/02/skos/core#broadMatch,broadMatch,http://purl.org/dc/terms/relation,DCMI Metadata Terms,Relation,rdf property,LtC applies constraints to the subject and object classes of the relation.,,https://creativecommons.org/publicdomain/zero/1.0/,22/06/2023,https://orcid.org/0000-0001-6496-1423,Matt Woodburn,,,https://orcid.org/0000-0001-6496-1423,Matt Woodburn
http://rs.tdwg.org/ltc/terms/termName,SchemeTerm,Term Name,rdf property,http://www.w3.org/2004/02/skos/core#broadMatch,broadMatch,http://purl.org/dc/terms/title,DCMI Metadata Terms,Title,rdf property,LtC narrows scope to a term title.,,https://creativecommons.org/publicdomain/zero/1.0/,22/06/2023,https://orcid.org/0000-0001-6496-1423,Matt Woodburn,,,https://orcid.org/0000-0001-6496-1423,Matt Woodburn
http://rs.tdwg.org/ltc/terms/StorageLocation,StorageLocation,Storage Location,rdfs class,http://www.w3.org/2004/02/skos/core#narrowMatch,narrowMatch,https://www.cidoc-crm.org/Entity/e53-place/version-7.1,CRM Entity,,rdfs class,LtC narrows scope to a static or moveable storage location.,,https://creativecommons.org/publicdomain/zero/1.0/,22/06/2023,https://orcid.org/0000-0001-6496-1423,Matt Woodburn,,,https://orcid.org/0000-0001-6496-1423,Matt Woodburn
http://rs.tdwg.org/ltc/terms/hasAddress,StorageLocation,Has Address,rdf property,http://www.w3.org/2004/02/skos/core#broadMatch,broadMatch,http://purl.org/dc/terms/relation,DCMI Metadata Terms,Relation,rdf property,LtC applies constraints to the subject and object classes of the relation.,,https://creativecommons.org/publicdomain/zero/1.0/,22/06/2023,https://orcid.org/0000-0001-6496-1423,Matt Woodburn,,,https://orcid.org/0000-0001-6496-1423,Matt Woodburn
http://rs.tdwg.org/ltc/terms/hasIdentifier,StorageLocation,Has Identifier,rdf property,http://www.w3.org/2004/02/skos/core#broadMatch,broadMatch,http://purl.org/dc/terms/relation,DCMI Metadata Terms,Relation,rdf property,LtC applies constraints to the subject and object classes of the relation.,,https://creativecommons.org/publicdomain/zero/1.0/,22/06/2023,https://orcid.org/0000-0001-6496-1423,Matt Woodburn,,,https://orcid.org/0000-0001-6496-1423,Matt Woodburn
http://rs.tdwg.org/ltc/terms/hasMeasurementOrFact,StorageLocation,Has Measurement Or Fact,rdf property,http://www.w3.org/2004/02/skos/core#broadMatch,broadMatch,http://purl.org/dc/terms/relation,DCMI Metadata Terms,Relation,rdf property,LtC applies constraints to the subject and object classes of the relation.,,https://creativecommons.org/publicdomain/zero/1.0/,22/06/2023,https://orcid.org/0000-0001-6496-1423,Matt Woodburn,,,https://orcid.org/0000-0001-6496-1423,Matt Woodburn
http://rs.tdwg.org/ltc/terms/hasParentStorageLocation,StorageLocation,Has Parent Storage Location,rdf property,http://www.w3.org/2004/02/skos/core#broadMatch,broadMatch,http://purl.org/dc/terms/relation,DCMI Metadata Terms,Relation,rdf property,LtC applies constraints to the subject and object classes of the relation.,,,,,,,,,
http://rs.tdwg.org/ltc/terms/hasReference,StorageLocation,Has Reference,rdf property,http://www.w3.org/2004/02/skos/core#broadMatch,broadMatch,http://purl.org/dc/terms/relation,DCMI Metadata Terms,Relation,rdf property,LtC applies constraints to the subject and object classes of the relation.,,https://creativecommons.org/publicdomain/zero/1.0/,13/06/2023,https://orcid.org/0000-0001-6496-1423,Matt Woodburn,,,https://orcid.org/0000-0001-6496-1423,Matt Woodburn
http://rs.tdwg.org/ltc/terms/locationDescription,StorageLocation,Location Description,rdf property,http://www.w3.org/2004/02/skos/core#broadMatch,broadMatch,http://purl.org/dc/terms/description,DCMI Metadata Terms,Description,rdf property,LtC narrows scope of resources described to StorageLocations.,,https://creativecommons.org/publicdomain/zero/1.0/,13/06/2023,https://orcid.org/0000-0001-6496-1423,Matt Woodburn,,,https://orcid.org/0000-0001-6496-1423,Matt Woodburn
http://rs.tdwg.org/ltc/terms/locationName,StorageLocation,Location Name,rdf property,http://www.w3.org/2004/02/skos/core#broadMatch,broadMatch,http://purl.org/dc/terms/title,DCMI Metadata Terms,Title,rdf property,LtC narrows scope to a storage location title.,,https://creativecommons.org/publicdomain/zero/1.0/,13/06/2023,https://orcid.org/0000-0001-6496-1423,Matt Woodburn,,,https://orcid.org/0000-0001-6496-1423,Matt Woodburn
http://rs.tdwg.org/ltc/terms/locationType,StorageLocation,Location Type,rdf property,http://www.w3.org/2004/02/skos/core#broadMatch,broadMatch,http://purl.org/dc/terms/type,DCMI Metadata Terms,Type,rdf property,LtC term represents a more specific type of type.,,https://creativecommons.org/publicdomain/zero/1.0/,13/06/2023,https://orcid.org/0000-0001-6496-1423,Matt Woodburn,,,https://orcid.org/0000-0001-6496-1423,Matt Woodburn
http://rs.tdwg.org/ltc/terms/Taxon,Taxon,Taxon,rdfs class,http://www.w3.org/2004/02/skos/core#broadMatch,closeMatch,http://rs.tdwg.org/dwc/terms/Taxon,Taxon,Taxon,rdfs class,"Concepts are closeley aligned, but LtC introduces class-level properties.",,https://creativecommons.org/publicdomain/zero/1.0/,13/06/2023,https://orcid.org/0000-0001-6496-1423,Matt Woodburn,,,https://orcid.org/0000-0001-6496-1423,Matt Woodburn
http://rs.tdwg.org/dwc/terms/genus,Taxon,Genus,rdf property,http://www.w3.org/2004/02/skos/core#exactMatch,exactMatch,http://rs.tdwg.org/dwc/terms/genus,Taxon,Genus,rdf property,,,https://creativecommons.org/publicdomain/zero/1.0/,13/06/2023,https://orcid.org/0000-0001-6496-1423,Matt Woodburn,,,https://orcid.org/0000-0001-6496-1423,Matt Woodburn
http://rs.tdwg.org/ltc/terms/hasIdentifier,Taxon,Has Identifier,rdf property,http://www.w3.org/2004/02/skos/core#broadMatch,broadMatch,http://purl.org/dc/terms/relation,DCMI Metadata Terms,Relation,rdf property,LtC applies constraints to the subject and object classes of the relation.,,https://creativecommons.org/publicdomain/zero/1.0/,13/06/2023,https://orcid.org/0000-0001-6496-1423,Matt Woodburn,,,https://orcid.org/0000-0001-6496-1423,Matt Woodburn
http://rs.tdwg.org/ltc/terms/hasMeasurementOrFact,Taxon,Has Measurement Or Fact,rdf property,http://www.w3.org/2004/02/skos/core#broadMatch,broadMatch,http://purl.org/dc/terms/relation,DCMI Metadata Terms,Relation,rdf property,LtC applies constraints to the subject and object classes of the relation.,,https://creativecommons.org/publicdomain/zero/1.0/,13/06/2023,https://orcid.org/0000-0001-6496-1423,Matt Woodburn,,,https://orcid.org/0000-0001-6496-1423,Matt Woodburn
http://rs.tdwg.org/ltc/terms/hasReference,Taxon,Has Reference,rdf property,http://www.w3.org/2004/02/skos/core#broadMatch,broadMatch,http://purl.org/dc/terms/relation,DCMI Metadata Terms,Relation,rdf property,LtC applies constraints to the subject and object classes of the relation.,,https://creativecommons.org/publicdomain/zero/1.0/,13/06/2023,https://orcid.org/0000-0001-6496-1423,Matt Woodburn,,,https://orcid.org/0000-0001-6496-1423,Matt Woodburn
http://rs.tdwg.org/dwc/terms/kingdom,Taxon,Kingdom,rdf property,http://www.w3.org/2004/02/skos/core#exactMatch,exactMatch,http://rs.tdwg.org/dwc/terms/kingdom,Taxon,Kingdom,rdf property,,,https://creativecommons.org/publicdomain/zero/1.0/,13/06/2023,https://orcid.org/0000-0001-6496-1423,Matt Woodburn,,,https://orcid.org/0000-0001-6496-1423,Matt Woodburn
http://rs.tdwg.org/dwc/terms/scientificName,Taxon,Scientific Name,rdf property,http://www.w3.org/2004/02/skos/core#exactMatch,exactMatch,http://rs.tdwg.org/dwc/terms/scientificName,Taxon,Scientific Name,rdf property,,,https://creativecommons.org/publicdomain/zero/1.0/,13/06/2023,https://orcid.org/0000-0001-6496-1423,Matt Woodburn,,,https://orcid.org/0000-0001-6496-1423,Matt Woodburn
http://rs.tdwg.org/dwc/terms/taxonRank,Taxon,Taxon Rank,rdf property,http://www.w3.org/2004/02/skos/core#exactMatch,exactMatch,http://rs.tdwg.org/dwc/terms/taxonRank,Taxon,Taxon Rank,rdf property,,,https://creativecommons.org/publicdomain/zero/1.0/,13/06/2023,https://orcid.org/0000-0001-6496-1423,Matt Woodburn,,,https://orcid.org/0000-0001-6496-1423,Matt Woodburn
http://rs.tdwg.org/ltc/terms/hasMeasurementOrFact,TemporalCoverage,Has Measurement Or Fact,rdf property,http://www.w3.org/2004/02/skos/core#broadMatch,broadMatch,http://purl.org/dc/terms/relation,DCMI Metadata Terms,Relation,rdf property,LtC applies constraints to the subject and object classes of the relation.,,https://creativecommons.org/publicdomain/zero/1.0/,13/06/2023,https://orcid.org/0000-0001-6496-1423,Matt Woodburn,,,https://orcid.org/0000-0001-6496-1423,Matt Woodburn
http://rs.tdwg.org/ltc/terms/hasReference,TemporalCoverage,Has Reference,rdf property,http://www.w3.org/2004/02/skos/core#broadMatch,broadMatch,http://purl.org/dc/terms/relation,DCMI Metadata Terms,Relation,rdf property,LtC applies constraints to the subject and object classes of the relation.,,https://creativecommons.org/publicdomain/zero/1.0/,13/06/2023,https://orcid.org/0000-0001-6496-1423,Matt Woodburn,,,https://orcid.org/0000-0001-6496-1423,Matt Woodburn
http://rs.tdwg.org/ltc/terms/endedAtTime,TemporalCoverage,Temporal Coverage End Date,rdf property,http://www.w3.org/2004/02/skos/core#closeMatch,closeMatch,http://www.w3.org/ns/prov#endedAtTime,Activity,,rdf property,"Closely aligned, but used by LtC in a generic TemporalCoverage class rather than directly as a property of an activity.",,https://creativecommons.org/publicdomain/zero/1.0/,13/06/2023,https://orcid.org/0000-0001-6496-1423,Matt Woodburn,,,https://orcid.org/0000-0001-6496-1423,Matt Woodburn
http://rs.tdwg.org/ltc/terms/startedAtTime,TemporalCoverage,Temporal Coverage Start Date,rdf property,http://www.w3.org/2004/02/skos/core#closeMatch,closeMatch,http://www.w3.org/ns/prov#startedAtTime,Activity,,rdf property,"Closely aligned, but used by LtC in a generic TemporalCoverage class rather than directly as a property of an activity.",,https://creativecommons.org/publicdomain/zero/1.0/,13/06/2023,https://orcid.org/0000-0001-6496-1423,Matt Woodburn,,,https://orcid.org/0000-0001-6496-1423,Matt Woodburn
http://rs.tdwg.org/ltc/terms/temporalCoverageType,TemporalCoverage,Temporal Coverage Type,rdf property,http://www.w3.org/2004/02/skos/core#broadMatch,broadMatch,http://purl.org/dc/terms/type,DCMI Metadata Terms,Type,rdf property,LtC term represents a more specific type of type.,,https://creativecommons.org/publicdomain/zero/1.0/,13/06/2023,https://orcid.org/0000-0001-6496-1423,Matt Woodburn,,,https://orcid.org/0000-0001-6496-1423,Matt Woodburn
